Entity,Code,Year,Deaths - Sex: all - Age: 100+ - Variant: estimates,Deaths - Sex: all - Age: 90-99 - Variant: estimates,Deaths - Sex: all - Age: 80-89 - Variant: estimates,Deaths - Sex: all - Age: 70-79 - Variant: estimates,Deaths - Sex: all - Age: 60-69 - Variant: estimates,Deaths - Sex: all - Age: 50-59 - Variant: estimates,Deaths - Sex: all - Age: 40-49 - Variant: estimates,Deaths - Sex: all - Age: 30-39 - Variant: estimates,Deaths - Sex: all - Age: 20-29 - Variant: estimates,Deaths - Sex: all - Age: 10-19 - Variant: estimates,Deaths - Sex: all - Age: 0-9 - Variant: estimates
Africa (UN),,1950,355,16045,140991,336785,348927,290451,281583,302780,337407,296834,3774076
Africa (UN),,1951,358,15325,142334,339611,351098,293711,283502,304621,338784,296432,3774693
Africa (UN),,1952,359,14873,143802,343348,354046,297461,285843,307512,341426,296788,3785846
Africa (UN),,1953,345,14662,145273,347325,357304,301191,288072,309920,343149,297335,3801742
Africa (UN),,1954,313,14710,147039,351608,361856,306665,293018,316662,352454,300156,3818500
Africa (UN),,1955,274,14933,148981,355500,366198,310345,295209,318805,353422,301440,3835509
Africa (UN),,1956,266,15197,151212,359507,371374,314430,298175,322114,355860,303756,3852698
Africa (UN),,1957,272,15573,155074,367877,383076,324287,306246,329713,362330,315655,3958255
Africa (UN),,1958,270,15776,157566,371803,389061,328690,309867,333913,365551,319496,3974759
Africa (UN),,1959,257,15854,158831,371970,389163,326461,307184,331281,361216,311965,3904896
Africa (UN),,1960,252,16321,162278,378313,398189,333856,315197,341706,374098,319168,3936777
Africa (UN),,1961,264,16807,165586,383982,405214,338089,319546,345964,378313,321861,3962919
Africa (UN),,1962,288,17552,170134,392245,412452,340611,319652,343022,371040,323808,4002746
Africa (UN),,1963,308,18215,174553,400645,419209,343370,321001,341677,366453,325268,4038093
Africa (UN),,1964,329,18901,179329,410027,426997,347781,324989,344368,369719,328187,4069900
Africa (UN),,1965,358,19653,184382,420534,435831,353565,330548,349135,376134,333715,4113828
Africa (UN),,1966,375,20385,189841,432405,446509,361260,337790,355149,383648,341954,4190142
Africa (UN),,1967,386,21064,194441,441372,455535,368397,346646,365592,400161,348094,4201974
Africa (UN),,1968,400,21728,198356,447573,459971,370179,347820,364915,399435,350356,4226265
Africa (UN),,1969,411,22444,203453,457492,469567,377302,354464,370388,407044,358781,4274808
Africa (UN),,1970,417,23042,208048,466022,476481,380768,354915,366300,401209,362098,4314588
Africa (UN),,1971,412,23487,212253,474777,483869,386070,357910,365900,401451,367009,4354245
Africa (UN),,1972,392,23732,216437,485460,494818,397072,368125,376366,416607,385675,4422620
Africa (UN),,1973,389,24051,219837,493075,499136,399352,366504,369991,409683,381336,4433014
Africa (UN),,1974,400,24754,224988,504833,509512,407369,369342,369246,409052,384416,4509843
Africa (UN),,1975,415,25434,229884,515215,517746,414652,373400,372960,414231,391300,4542031
Africa (UN),,1976,422,25981,234055,523203,523632,418737,373895,374070,417524,390356,4497006
Africa (UN),,1977,409,26351,238892,534053,532722,425432,375866,375440,419776,393154,4515573
Africa (UN),,1978,409,27303,245747,546954,543254,433801,379688,379381,428402,397278,4535442
Africa (UN),,1979,475,29051,253326,558757,552928,440514,381287,380725,431023,399906,4549435
Africa (UN),,1980,531,30522,260884,569616,562323,446820,382981,383880,435848,403386,4575692
Africa (UN),,1981,600,31701,267295,579306,571229,452598,385529,388530,441642,408114,4598768
Africa (UN),,1982,626,32891,275307,592013,583604,461471,390776,395751,451614,414415,4619217
Africa (UN),,1983,717,35401,289138,617125,612443,485454,410929,417879,477607,448734,4896787
Africa (UN),,1984,801,37337,299352,633149,627410,497651,422595,433678,497911,462424,4914037
Africa (UN),,1985,877,38863,308299,647161,640533,505860,429295,440910,504812,468446,4918708
Africa (UN),,1986,917,40114,317324,661529,652320,513943,436440,449640,514203,473321,4886837
Africa (UN),,1987,933,41309,326135,673254,660026,520665,446746,466486,533850,483594,4755526
Africa (UN),,1988,1003,45432,341584,697665,685149,536133,455332,470846,532566,490360,4955305
Africa (UN),,1989,1026,45958,349338,710051,692267,540167,463787,485906,548195,492954,4812012
Africa (UN),,1990,1047,46910,361301,733201,714551,557394,484211,511708,577471,510035,4861379
Africa (UN),,1991,1069,47892,372712,757115,738662,573678,501836,530128,589084,530880,5005029
Africa (UN),,1992,1086,48749,382964,778370,760002,590384,525185,558886,617436,556683,5051377
Africa (UN),,1993,1116,49503,389048,790248,774808,600032,542089,579901,639617,564223,4969072
Africa (UN),,1994,1161,50963,403871,825391,840032,677622,677365,768866,838435,683271,5051977
Africa (UN),,1995,1427,53836,413135,825733,809951,624865,571380,602784,657774,569917,4983947
Africa (UN),,1996,1337,53836,424263,842569,827820,642557,596966,636535,690925,586203,5018527
Africa (UN),,1997,1144,53949,435349,860457,843868,653847,611998,656377,711632,598242,5016601
Africa (UN),,1998,1067,55519,448213,882806,864788,680004,648068,703073,766631,628427,5063758
Africa (UN),,1999,1113,58174,459767,897621,870356,688640,659455,712779,771927,610886,4945496
Africa (UN),,2000,1177,61399,471841,912178,872779,696013,664321,715279,763027,602593,4890547
Africa (UN),,2001,1312,65727,488494,935140,885455,715062,686403,738920,783119,606591,4832731
Africa (UN),,2002,1452,69643,503913,955371,896079,731726,704472,761711,800074,608414,4771696
Africa (UN),,2003,1583,74120,520468,977209,907064,749485,721968,779992,809806,606238,4695732
Africa (UN),,2004,1722,78079,533932,993364,915167,764713,734488,792805,816443,604141,4626156
Africa (UN),,2005,1894,82647,550519,1014385,929225,781560,744955,800185,819587,604042,4554101
Africa (UN),,2006,2048,86816,566700,1032406,941749,794112,749112,799380,814244,598610,4462312
Africa (UN),,2007,2186,90764,583033,1048370,952395,805132,750937,795960,808074,591617,4376206
Africa (UN),,2008,2296,93883,599864,1062759,964522,815926,750777,792830,802528,588217,4308345
Africa (UN),,2009,2412,97621,622687,1086973,993094,848076,772629,811190,841615,611307,4319936
Africa (UN),,2010,2525,100293,638660,1093168,997544,839011,749520,775876,787320,585963,4183115
Africa (UN),,2011,2779,106179,665071,1118198,1025918,859000,755216,775408,785587,598975,4251030
Africa (UN),,2012,2938,109426,683097,1127239,1036836,860229,747512,763607,771966,585526,4053876
Africa (UN),,2013,3226,115396,707891,1146519,1061514,874930,752901,763398,771134,585505,3977918.8
Africa (UN),,2014,3529,120548,729610,1169731,1093977,894425,765854,775832,783683,598626,3991007
Africa (UN),,2015,3645,121538,743370,1194944,1120889,907998,773148,777998,780684,604345,3956423
Africa (UN),,2016,3979,126425,760609,1221172,1147957,921760,782786,781579,780997,609422,3904068
Africa (UN),,2017,4339,131132,777412,1250085,1176646,935699,792508,784350,782937,619138,3876574
Africa (UN),,2018,4770,137340,792421,1273462,1198055,940275,791245,774517,770666,608632,3718964
Africa (UN),,2019,5281,145426,812774,1308679,1234289,957666,803377,780805,788511,619590,3664630
Africa (UN),,2020,5987,169118,906375,1473817,1410475,1047435,839187,753563,750347,614960,3561154
Africa (UN),,2021,6191,176633,960312,1565126,1500550,1152093,949253,833745,800689,624629,3527817
Africa (UN),,2022,5561,154800,864645,1436679,1372396,1043944,868626,814624,841588,650303,3574991
Africa (UN),,2023,6160,162068,876041,1452421,1360179,1021316,850475,790448,802814,624497,3394422
Americas (UN),,1950,3444,78674,371677,589835,540356,386042,271180,204041,193215,134799,1746092.1
Americas (UN),,1951,2945,76307,373312,595405,546474,393703,271854,202875,192614,133546,1748936
Americas (UN),,1952,2676,73859,371640,597875,550898,394717,271536,199782,190680,132630,1752184.9
Americas (UN),,1953,2651,75279,379769,606249,558583,395774,270605,196255,186431,129988,1742616
Americas (UN),,1954,2613,74419,373764,602522,552241,388358,265101,191483,180861,126242,1734188
Americas (UN),,1955,2630,77238,390463,623440,562563,392254,265042,190772,179392,125500,1724788
Americas (UN),,1956,2730,79281,399087,634318,571061,397903,265689,190850,177517,125035,1720333
Americas (UN),,1957,2938,82535,411055,657678,593211,409246,268260,193435,175290,125871,1713431
Americas (UN),,1958,2845,84005,414264,667387,590294,410606,265832,192751,172139,124953,1705645
Americas (UN),,1959,2610,84893,416801,682684,593242,415261,265548,192664,169671,125690,1690207
Americas (UN),,1960,2614,91971,434091,706001,609038,419902,268142,192763,167747,125834,1676993
Americas (UN),,1961,2662,94866,442916,710973,614836,416996,266296,192022,165783,126020,1658740
Americas (UN),,1962,2909,102142,465860,738108,631411,428517,270245,192951,166392,127846,1644873
Americas (UN),,1963,3183,110062,489408,767893,648461,440191,274552,193911,167746,130583,1631964
Americas (UN),,1964,3278,111670,495316,771307,653036,444654,277257,194342,168470,132234,1607402
Americas (UN),,1965,3493,119034,520276,788196,664735,450597,280624,194288,171090,134401,1575331
Americas (UN),,1966,3757,126005,542595,806367,676343,457878,284132,192640,171230,136803,1543893
Americas (UN),,1967,3964,129128,555292,812641,682177,460589,286307,191875,174064,138171,1509350
Americas (UN),,1968,4384,136969,587658,843608,710917,473679,294365,194401,179972,141593,1480550
Americas (UN),,1969,4612,138189,600580,849858,717071,476607,298117,195516,186000,145416,1455822
Americas (UN),,1970,4772,139566,606713,863839,724443,483922,303400,199570,195744,156534,1456343
Americas (UN),,1971,5314,149701,624085,876232,726008,477905,296495,192432,192216,146838,1393602
Americas (UN),,1972,5763,155025,641325,898487,742000,482330,297245,192687,196895,149837,1361828
Americas (UN),,1973,6313,162445,660303,904687,747614,484546,294925,193128,200502,149609,1326078
Americas (UN),,1974,6661,164166,663235,900957,747940,480682,290849,192600,202861,148546,1297381
Americas (UN),,1975,6897,164229,658899,898152,742428,478151,284007,191029,205269,145229,1259008
Americas (UN),,1976,7789,176352,678970,906755,750167,480584,282350,192307,209578,147799,1238647
Americas (UN),,1977,7975,178400,681947,911138,746060,479305,277192,193379,211610,144453,1199564
Americas (UN),,1978,8563,188779,701678,926641,754039,481717,274112,196633,216066,143337,1169747
Americas (UN),,1979,8816,192873,709122,936952,755793,481148,271438,200831,222483,142797,1139180
Americas (UN),,1980,9882,209891,748016,971750,773380,488076,272140,207447,229062,142184,1105162
Americas (UN),,1981,10254,213233,756810,979290,777069,487916,271126,210575,229072,138511,1069721
Americas (UN),,1982,10891,218919,773829,1007967,784719,486390,270046,213165,229005,136040,1044749
Americas (UN),,1983,12187,235701,805785,1039898,790037,485402,267631,211165,220154,129910,1000477
Americas (UN),,1984,13135,246673,828987,1061440,803089,482256,270361,215375,218992,126221,964675
Americas (UN),,1985,14446,263191,862709,1084559,815490,484540,276143,224380,223650,129050,938657
Americas (UN),,1986,15327,271281,881944,1092473,818373,476282,276847,228632,221280,124349,897231
Americas (UN),,1987,17182,282301,907167,1100516,827121,476191,281673,234031,221093,123272,863536
Americas (UN),,1988,18950,299090,946931,1115936,838193,475435,289198,238185,219784,122622,831736
Americas (UN),,1989,19861,303793,958166,1118018,838282,472860,296024,242548,218285,122511,802534
Americas (UN),,1990,21255,317272,980457,1127360,841875,470646,302077,245943,217141,121921,767482
Americas (UN),,1991,22462,330492,1002232,1138034,844088,471765,312131,251506,217834,121993,734536
Americas (UN),,1992,22698,337220,1026261,1153077,844496,475066,321644,257092,216494,120149,697849
Americas (UN),,1993,23866,361324,1080792,1184735,853441,482787,331088,262563,216234,120408,667260
Americas (UN),,1994,23779,372121,1101228,1191506,847159,487742,340024,265363,213975,120154,634608
Americas (UN),,1995,24346,390431,1134370,1210888,843480,493138,348603,265535,210457,118714,601590
Americas (UN),,1996,24678,406950,1159089,1225090,840094,497735,350033,256493,205230,116924,570452
Americas (UN),,1997,25723,426204,1181272,1235894,832867,503661,349869,247133,202032,115291,541375
Americas (UN),,1998,27019,444855,1215935,1258968,834130,514831,355338,244912,200872,116144,526463
Americas (UN),,1999,29411,472061,1257561,1276386,834621,527936,361263,242355,200582,112159,489475
Americas (UN),,2000,31346,489989,1281029,1282290,830270,540410,367634,241281,203082,111162,463250
Americas (UN),,2001,32185.002,499909,1302038,1285719,829656,555254,376760,243503,206275,110637,438277
Americas (UN),,2002,32921,519222,1335308,1284581,831695,568016,380880,238365,205225,108798,414876
Americas (UN),,2003,33164,532529,1362413,1280746,838626,581691,385819,235912,207098,106762,392889
Americas (UN),,2004,33000,536633,1371498,1260336,837569,590549,386125,232542,206835,105327,377805
Americas (UN),,2005,34182,561766,1412279,1258935,844167,607439,389828,231697,207820,103366,359158
Americas (UN),,2006,34852,571011,1426817,1247618,850109,620402,390561,232855,211337,102429,342484
Americas (UN),,2007,35841,586787,1460061,1247796,867174,631028,388589,233826,212273,101389,329107
Americas (UN),,2008,37504,611189,1493154,1253757,890799,645336,389769,236961,216315,101346,315818
Americas (UN),,2009,37706,611090,1493140,1246626,909488,659614,390564,240736,217371,100440,302997
Americas (UN),,2010,39790,642069,1526100,1257730,936923,673999,391501,250063,228291,114749,318201
Americas (UN),,2011,41766,668616,1550806,1261573,954612,680293,381510,241256,216374,99241,281938
Americas (UN),,2012,42848,681480,1564782,1275259,983318,692808,376133,240863,213743,97177,271786
Americas (UN),,2013,43793,697896,1585449,1306468,1014947,704104,374146,241121,210292,95332,263615
Americas (UN),,2014,44346,708375,1589840,1337300,1047768,715750,372027,243655,210461,94483,256192
Americas (UN),,2015,45399,735330,1622841,1372735,1086728,723796,371169,247510,211634,93566,249350
Americas (UN),,2016,45278,744928,1636961,1421222,1131186,739045,380049,259865,223342,95388,241701
Americas (UN),,2017,47240,774950,1671679,1471748,1152450,736389,381108,265595,226380,94860,234527.98
Americas (UN),,2018,47389,787730,1688400,1514387,1175435,736772,382600,265031,220192,89592,226940
Americas (UN),,2019,48134,801083,1722871,1564023,1201428,732371,383729,265433,214074,85210,218556.98
Americas (UN),,2020,53483,933199,2026106,1923471,1521610,911285,474507,304473,225486,82789,206959
Americas (UN),,2021,53593,920656,2075059,2101309,1717526,1062212,579972,363229,245488,86137,203339
Americas (UN),,2022,56642,910694,1911416,1811176,1389998,832064,436364,295138,224019,83462,198689
Americas (UN),,2023,52251,858451,1846522,1726162,1278323,735995,395209,269015,209323,79681,188685
Asia (UN),,1950,1813,148871,1304849,2714643,3098871,2361067,1954034,1717999,1827674,1439982,14663678
Asia (UN),,1951,2062,147322,1263071,2670054,3040956,2322934,1903637,1641701,1721142,1388951,14624666
Asia (UN),,1952,2316,146629,1231353,2625194,2979154,2274596,1825604,1534345,1574824,1308154,14710872
Asia (UN),,1953,2376,146508,1217825,2608260,2952411,2261613,1798041,1501917,1543579,1268485,14783305
Asia (UN),,1954,2225,144130,1189619,2569913,2922729,2238344,1756073,1449395,1485401,1212140,14696128
Asia (UN),,1955,1966,143438,1186530,2586764,2951083,2257774,1753755,1440113,1474532,1190515,14643561
Asia (UN),,1956,1797,143387,1189349,2612507,2964466,2274859,1747134,1435988,1471439,1172829,14477585
Asia (UN),,1957,1740,140548,1189908,2655967,2978745,2294237,1743527,1435884,1469087,1163221,14561629
Asia (UN),,1958,1681,135755,1173731,2684476,2979974,2311929,1738878,1440910,1467900,1159016,14356137
Asia (UN),,1959,1618,137059,1240695,2956117,3307250,2629886,1963816,1635647,1639999,1430519,16725463
Asia (UN),,1960,1542,135752,1289938,3174650,3617325,2932865,2181866,1818848,1789425,1723706,18719286
Asia (UN),,1961,1390,125005,1211021,2950559,3347170,2675697,1974267,1653746,1615850,1495423,15631136
Asia (UN),,1962,1309,117774,1145153,2734440,3032711,2353309,1708965,1437383,1393249,1177378,13366072
Asia (UN),,1963,1276,115695,1144554,2746282,3057847,2349111,1698105,1434007,1367391,1192284,14038885
Asia (UN),,1964,1270,116526,1158633,2781212,3089530,2347332,1683061,1423184,1333677,1203698,14000282
Asia (UN),,1965,1387,120525,1198633,2869796,3206325,2426319,1748963,1501050,1414961,1299537,14413423
Asia (UN),,1966,1318,120373,1205152,2874266,3200905,2384467,1705073,1447603,1324823,1291382,14053916
Asia (UN),,1967,1284,123087,1228480,2885770,3209590,2352656,1670950,1401391,1270210,1267355,13750625
Asia (UN),,1968,1513,126971,1263466,2905205,3217651,2322324,1650496,1371194,1246247,1241388,13471915
Asia (UN),,1969,1450,128906,1294863,2932332,3245338,2300322,1638694,1339398,1227940,1220531,13349428
Asia (UN),,1970,1400,134454,1328794,2986875,3289230,2305518,1650926,1336571,1253852,1243936,13398047
Asia (UN),,1971,1344,139599,1366140,3087746,3404977,2413424,1779501,1494353,1525276,1323047,13542583
Asia (UN),,1972,1474,144155,1371244,3075353,3290514,2273626,1622754,1269997,1256887,1176929,12737238
Asia (UN),,1973,1568,151119,1407069,3124467,3283708,2253572,1608195,1232237,1259580,1172174,12417372
Asia (UN),,1974,1687,158587,1451279,3190749,3303820,2251195,1607119,1207902,1284925,1182084,12054757
Asia (UN),,1975,1775,166141,1497463,3251957,3322551,2267110,1629957,1225893,1359473,1253163,11667152
Asia (UN),,1976,1879,178056,1558191,3334742,3357634,2285802,1637558,1208539,1381610,1289413,11394781
Asia (UN),,1977,2124,187061,1603715,3391007,3352601,2266640,1602209,1156693,1349185,1231128,10953208
Asia (UN),,1978,2415,200934,1667053,3470986,3370662,2280762,1590039,1137701,1360008,1216463,10675444
Asia (UN),,1979,2624,213133,1727131,3544462,3365350,2265937,1535994,1076110,1272319,1109673,10389116
Asia (UN),,1980,2820,230012,1819683,3659802,3402824,2287022,1522163,1075348,1263284,1104629,10234718
Asia (UN),,1981,2899,240767,1897187,3725663,3428233,2300264,1508964,1084188,1262924,1102617,10083465
Asia (UN),,1982,3085,252224,1980523,3798201,3461420,2318389,1494592,1096079,1255208,1091168,9986999
Asia (UN),,1983,3443,269563,2075004,3874683,3484946,2330500,1467456,1100984,1235692,1057872,9716870
Asia (UN),,1984,3888,284644,2160702,3950051,3511188,2341784,1443760,1113190,1225197,1029330,9600689
Asia (UN),,1985,4444,302869,2250434,4030124,3547213,2352044,1423012,1130998,1217699,1003309,9481576
Asia (UN),,1986,5044,319255,2337068,4095275,3583003,2361581,1404036,1143600,1205680,969017,9346667
Asia (UN),,1987,5778,333401,2418774,4153343,3625503,2375592,1392914,1158214,1194285,942187,9231394
Asia (UN),,1988,6658,354956,2519630,4221758,3686593,2391714,1393938,1179457,1199812,920647,9032844
Asia (UN),,1989,7239,370748,2602916,4273253,3742692,2393615,1394983,1173698,1185920,889172,8869546
Asia (UN),,1990,7804,398213,2711654,4364876,3821241,2412259,1418318,1188571,1209032,878260,8718643
Asia (UN),,1991,8093.0005,415844,2776593,4417879,3867578,2416645,1439242,1191966,1218603,868199,8399368
Asia (UN),,1992,8313,449356,2848750,4473367,3911433,2405797,1454089,1186782,1212730,828468,7979144
Asia (UN),,1993,8516,483586,2925246,4532743,3965695,2399368,1488305,1199490,1200323,813343,7695134
Asia (UN),,1994,8855,518292,3017916,4611626,4028638,2399387,1536900,1223530,1199682,806387,7430306
Asia (UN),,1995,9639,552955,3103970,4685126,4073677,2398490,1587974,1243371,1196699,806081,7208373
Asia (UN),,1996,10597,578486,3169908,4753354,4114045,2387870,1629066,1256714,1186380,802549,6927235
Asia (UN),,1997,12569,614076,3262535,4848315,4162906,2388322,1669413,1268071,1177141,803001,6655167
Asia (UN),,1998,14704,651096,3355104,4962617,4203320,2397851,1709280,1281650,1165005,802809,6388778
Asia (UN),,1999,17232,699214,3471558,5095136,4240285,2425396,1738893,1305318,1151204,803216,6127591
Asia (UN),,2000,19322,732374,3569347,5204333,4257000,2451805,1753417,1323459,1131397,794492,5893372
Asia (UN),,2001,21768,768739,3684518,5316115,4269580,2486774,1762959,1343854,1115549,790957,5641282
Asia (UN),,2002,24351,808764,3813264,5439848,4279964,2534370,1771796,1347629,1095052,775975,5379493
Asia (UN),,2003,27135,860698,3958954,5578527,4276196,2597491,1792978,1339636,1084529,765202,5098984
Asia (UN),,2004,29451,914256,4116022,5726062,4294319,2692481,1840756,1352563,1095569,776403,4915411
Asia (UN),,2005,32125,973898,4286094,5848262,4279282,2761070,1839033,1316919,1066845,743765,4641078
Asia (UN),,2006,34265,1023159,4443442,5973012,4285761,2838354,1853247,1299163,1056419,715263,4402713
Asia (UN),,2007,36780,1069239,4605162,6082531,4296356,2909264,1860718,1279767,1045954,693362,4203901
Asia (UN),,2008,39486,1123534,4806987,6212951,4358311,3015191,1901557,1280231,1051816,697456,4083151
Asia (UN),,2009,41876,1168535,4956204,6263997,4399250,3050487,1905308,1231182,1018433,649556,3861182
Asia (UN),,2010,45234,1238800,5122066,6313573,4467718,3092963,1932988,1204839,1001887,624785,3679526
Asia (UN),,2011,48047,1312516,5306423,6398314,4581506,3143853,1974472,1185658,989199,603045,3505116
Asia (UN),,2012,51151,1381810,5451616,6429714,4696888,3186903,1996163,1172027,980524,584834,3361000
Asia (UN),,2013,54195,1453256,5616204,6455821,4850144,3252588,1990907,1152483,960310,564615,3188836
Asia (UN),,2014,57826,1534947,5776099,6478625,5022635,3318310,1973777,1132604,934671,542525,3006912
Asia (UN),,2015,62026,1629997,5942544,6513476,5212284,3376113,1961693,1124696,922123,527632,2857914
Asia (UN),,2016,66515,1723354,6112193,6571393,5401676,3430988,1945190,1115647,900435,506281,2714863
Asia (UN),,2017,71930,1828407,6330255,6708750,5625537,3489351,1935447,1108467,876862,488123,2559502
Asia (UN),,2018,77997,1914287,6427666,6776455,5750497,3509937,1898556,1096933,845690,468547,2426426
Asia (UN),,2019,86149,2014641,6571620,6950089,5880263,3568436,1867018,1086078,810110,448721,2296419
Asia (UN),,2020,98692,2225777,7047713,7626802,6552707,3949219,1949799,1070417,755905,418255,2158868
Asia (UN),,2021,112662,2479956,7740182,8795090,7540261,4742562,2324056,1283626,820552,412151,2053811
Asia (UN),,2022,107291,2348427,7120380,7732385,6192898,3838949,1839572,1067941,729566,407741,1964767
Asia (UN),,2023,108038,2459406,7371102,8122788,6299160,3834123,1805014,1054780,712075,401247,1897287
Australia,AUS,1950,24,2084,14050,19649,16617,9409,4638,2367,1841,963,6310
Australia,AUS,1951,30,2366,14388,20519,17409,9832,4716,2574,1989,1028,6612
Australia,AUS,1952,33,2331,14221,20372,17797,9777,4859,2535,1882,951,6548
Australia,AUS,1953,35,2391,13919,20598,17243,9440,4668,2355,1729,968,6468
Australia,AUS,1954,37,2570,14216,21711,17406,9354,4780,2395,1664,948,6187
Australia,AUS,1955,41,2612,14217,21759,17784,9206,4751,2298,1523,996,6213
Australia,AUS,1956,44,2799,15517,23358,18159,9423,4853,2368,1605,938,6095
Australia,AUS,1957,47,2777,14410,23092,18014,9504,4887,2518,1607,1056,6305
Australia,AUS,1958,49,2792,14279,22973,17549,9547,4886,2386,1558,998,5977
Australia,AUS,1959,58,3118,15304,24957,18178,10102,5132,2586,1446,1070,6328
Australia,AUS,1960,61,3203,15357,24555,18177,10020,5159,2416,1449,1107,6052
Australia,AUS,1961,62,3100,15674,25110,17869,9991,5095,2413,1501,1115,6104.9995
Australia,AUS,1962,70,3241,16804,26535,18251,10635,5324,2428,1556,1084,6127
Australia,AUS,1963,75,3289,17069,27026,18824,10997,5452,2429,1584,1172,5886
Australia,AUS,1964,78,3472,18723,28886,19652,11747,5708,2523,1643,1303,5672
Australia,AUS,1965,80,3443,18652,28435,19660,11972,5675,2513,1790,1413,5442
Australia,AUS,1966,94,3760,20045,29673,20532,12312,5636,2513,1833,1433,5371
Australia,AUS,1967,87,3557,19568,28813,20453,12513,5991,2226,1919,1314,5412
Australia,AUS,1968,99,4086,21914,29992,21531,12743,6015,2387,2037,1534,5635
Australia,AUS,1969,93,3749,20557,29037,21679,12603,6154,2297,2048,1453,5919
Australia,AUS,1970,101,4203,22524,30482,22626,13095,6183,2464,2288,1601,6144
Australia,AUS,1971,107,4362,22358,29094,21412,12553,5958,2307,2361,1696,6250
Australia,AUS,1972,113,4529,22529,29244,22180,12797,6021,2282,2245,1604,5860
Australia,AUS,1973,115,4511,23044,29061,22436,12620,6012,2267,2298,1647,5376
Australia,AUS,1974,134,5219,24477,30079,23412,13234,5998,2389,2394,1711,5230
Australia,AUS,1975,119,4703,22601,28398,22531,12664,5643,2458,2377,1688,4495
Australia,AUS,1976,145,5490,24122,30113,22996,12746,5456,2383,2308,1652,4200
Australia,AUS,1977,143,5233,22903,29006,22271,12229,5265,2401,2496,1663,3837
Australia,AUS,1978,148,5457,22995,29421,22303,12309,4902,2429,2569,1672,3669
Australia,AUS,1979,174,5953,22855,29134,21508,12063,4647,2373,2589,1489,3366
Australia,AUS,1980,188,6256,23966,29812,21413,11894,4607,2371,2384,1451,3231
Australia,AUS,1981,211,6667,24529,30341,21594,11653,4323,2354,2472,1454,3284
Australia,AUS,1982,242,7517,26129,31803,22240,11495,4313,2413,2612,1423,3276
Australia,AUS,1983,231,6936,25158,31328,21588,11150,4033,2404,2527,1234,3113
Australia,AUS,1984,262,7604,26622,32591,21537,10702,4219,2538,2483,1313,2981
Australia,AUS,1985,287,8249,28886,33885,21672,10429,4197,2606,2712,1305,3173
Australia,AUS,1986,303,8165,27523,33334,21542,9812,4259,2595,2541,1313,2840
Australia,AUS,1987,347,8681,29581,34303,21664,9792,4338,2668,2579,1280,2845
Australia,AUS,1988,358,8827,30204,34531,21845,9377,4464,2738,2701,1315,2680
Australia,AUS,1989,423,10176,32968,35976,22601,9198,4497,2884,2631,1287,2795
Australia,AUS,1990,370,9193,31287,34055,21619,8751,4502,2813,2554,1135,2710
Australia,AUS,1991,397,9660,31807,34063,21043,8511,4587,2894,2368,1045,2347
Australia,AUS,1992,429,10363,34165,35178,20883,8620,4664,2835,2349,980,2445
Australia,AUS,1993,448,10445,34555,34327,19858,8345,4639,2973,2185,975,2173
Australia,AUS,1994,515,11876,37554,35522,19965,8482,4895,2995,2234,959,2109
Australia,AUS,1995,516,11901,37753,34561,19015,8338,4783,3139,2349,941,2033
Australia,AUS,1996,545,13017,39218,35196,18499,8585,4864,3081,2272,987,2010
Australia,AUS,1997,570,13592,39927,34911,18072,8659,4831,2969,2351,1010,1909
Australia,AUS,1998,576,13772,39299,34945,17094,8686,4801,3129,2461,959,1799
Australia,AUS,1999,603,14547,40037,35272,16306,8651,4837,3011,2429,937,1918
Australia,AUS,2000,663,15713,40833,34477,15894,8899,4878,2985,2221,936,1729
Australia,AUS,2001,695,16072,41808,33971,15682,9106,4768,2787,1881,802,1694
Australia,AUS,2002,762,17889,44390,33943,15913,9176,4899,2666,1812,803,1684
Australia,AUS,2003,782,18451,44108,32743,15812,9012,5012,2640,1742,769,1635
Australia,AUS,2004,781,18972,44955,32159,15740,9196,4844,2530,1717,718,1602
Australia,AUS,2005,823,19735,45155,30423,15679,9221,4933,2461,1655,637,1725
Australia,AUS,2006,929,21202,47039,30096,15608,9320,4858,2415,1594,703,1655
Australia,AUS,2007,1010,22321,49178,30334,16725,9569,4873,2572,1659,687,1588
Australia,AUS,2008,1109,23816,51338,30041,16568,9393,4839,2486,1590,653,1619
Australia,AUS,2009,1112,23455,50759,29101,16866,9633,5011,2514,1640,663,1598
Australia,AUS,2010,1188,24883,51624,28653,16885,9507,4793,2409,1530,646,1593
Australia,AUS,2011,1271,26565,52548,29068,17484,9733,4797,2417,1582,606,1486
Australia,AUS,2012,1373,28686,53039,29215,17790,9602,4653,2275,1579,639,1356
Australia,AUS,2013,1363,28458,51747,28982,18422,9931,4782,2297,1447,569,1462
Australia,AUS,2014,1529,31122,52458,30379,18821,10088,4897,2471,1504,526,1344
Australia,AUS,2015,1610,32721,53022,30872,18849,10351,5042,2470,1520,613,1276
Australia,AUS,2016,1706,33892,52751,31592,18922,10169,4956,2519,1582,526,1259
Australia,AUS,2017,1770,35709,53692,33440,19324,10261,5142,2606,1541,607,1339
Australia,AUS,2018,1759,34967,51250,32835,19163,10117,4788,2532,1546,584,1247
Australia,AUS,2019,1907,37036,52550,33990,19433,10094,4928,2549,1682,597,1278
Australia,AUS,2020,1983,36387,51327,34462,19002,9993,4715,2584,1632,616,1148
Australia,AUS,2021,2304,38714,53694,36054,19774,10343,4664,2472,1507,619,1291
Australia,AUS,2022,3075,47932,64324,42118,32023,12554,1181,20,20,18,1476
Australia,AUS,2023,2796,43344,59249,39061,23992,10786,3011,219,147,57,1265
Europe (UN),,1950,2713,163016,931002,1393690,1005761,610487,396907,226153,240741,146361,1344482
Europe (UN),,1951,2984,165286,973492,1469554,1040263,629618,397442,216259,235569,140119,1343783
Europe (UN),,1952,3078,157863,944970,1438061,1022928,627270,383536,197146,215715,124663,1194992
Europe (UN),,1953,3086,158062,974300,1476156,1034369,635937,377067,184688,200667,113287,1098952
Europe (UN),,1954,2996,154240,962305,1456705,1020888,632176,359931,169160,177055,97513,1058621
Europe (UN),,1955,2877,156573,989366,1470930,1019032,635534,349889,165031,167867,90132,973589
Europe (UN),,1956,2941,160495,1033181,1510563,1032522,643653,337956,164770,155265,82079,801554
Europe (UN),,1957,2881,155503,1018676,1512549,1060451,663200,330951,174965,156262,82338,783105
Europe (UN),,1958,2847,153481,1019506,1476884,1016866,642166,302867,173028,143664,73348,713660
Europe (UN),,1959,2920,158243,1043064,1504718,1043715,654895,292877,180298,141025,71353,686832
Europe (UN),,1960,2970,166442,1080583,1526061,1065249,657020,284745,183220,137837,66557,628311
Europe (UN),,1961,3017,166480,1080590,1516715,1080174,656544,276963,184610,134651,64828,584224
Europe (UN),,1962,3187,179944,1158155,1600542,1141425,678173,274841,187554,130576,64617,547190
Europe (UN),,1963,3145,184320,1178926,1612382,1168051,681087,272113,187860,126489,65915,516762
Europe (UN),,1964,3004,178623,1142544,1569044,1162868,669297,263827,182963,120908,66467,475534
Europe (UN),,1965,3200,194604,1211443,1637775,1218979,680151,269946,185205,115771,68187,438611
Europe (UN),,1966,3265,201392,1227422,1644287,1238807,670216,281203,186365,114816,71324,418344
Europe (UN),,1967,3360,210403,1254974,1674419,1268933,655921,302205,187374,114129,72077,405093
Europe (UN),,1968,3582,227686,1340538,1754092,1323608,649372,326916,189614,112391,72647,396898
Europe (UN),,1969,3674,229124,1355387,1827504,1403684,652293,358223,194188,115028,74690,383595
Europe (UN),,1970,3859,236021,1367031,1823710,1386609,629817,368973,192740,115753,75244,363500
Europe (UN),,1971,4097,246829,1397550,1855262,1385572,619739,381688,190825,117279,75520,345532
Europe (UN),,1972,4341,255160,1407980,1895155,1393306,608692,386310,188604,119597,74943,326256
Europe (UN),,1973,4628,271031,1453925,1947692,1397474,597754,390354,183968,121307,73031,315249
Europe (UN),,1974,4873,280795,1460010,1974567,1393621,592583,394918,182725,124286,72459,309916
Europe (UN),,1975,5164,293606,1507718,2054933,1410380,606727,404797,184044,132666,72785,300253
Europe (UN),,1976,5578,308537,1531226,2089525,1384326,635455,410433,183406,137630,72102,290184
Europe (UN),,1977,5699,308577,1518447,2095280,1332359,674153,415249,182988,141633,72190,279377
Europe (UN),,1978,6132,324390,1565613,2162783,1302113,723910,418473,180133,143516,71109,268033
Europe (UN),,1979,6448,334564,1589736,2205754,1267863,772438,420877,178191,145540,69820,257328
Europe (UN),,1980,6833,345542,1649167,2250238,1244353,802592,420525,177319,146662,67882,249433
Europe (UN),,1981,7191,353233,1707882,2255222,1210236,814304,412643,174318,145541,66252,240138
Europe (UN),,1982,7547,355852,1737922,2245619,1174414,816245,399574,173981,141831,62474,229503
Europe (UN),,1983,8387,376069,1832647,2296877,1170849,833139,396891,180265,140096,59737,223888
Europe (UN),,1984,8571,377518,1852898,2289355,1160008,836994,395618,190182,138275,57012,219137
Europe (UN),,1985,9447,404417,1949618,2315347,1168594,817508,370657,188123,129078,54269,211455
Europe (UN),,1986,9814,409800,1952358,2223792,1182305,771237,335464,177078,117733,51580,204514
Europe (UN),,1987,10115,418526,1968363,2128237,1235231,762109,323621,178236,115431,50953,200284
Europe (UN),,1988,10964,443696,2034533,2054139,1306321,755937,320526,185913,120055,52227,190177
Europe (UN),,1989,11890,467561,2081995,1975570,1366682,757393,324257,198709,126013,53539,176712
Europe (UN),,1990,12485,497917,2149297,1963510,1417449,767102,333801,209873,128664,53805,165627
Europe (UN),,1991,12946,526224,2189115,1939243,1451726,771265,344923,220605,132002,55163,156601
Europe (UN),,1992,13390,550415,2222449,1911494,1498024,801282,381923,249846,146071,57171,149138
Europe (UN),,1993,14697,601900,2345400,1953725,1587301,859977,444561,280816,150064,58669,140451
Europe (UN),,1994,15065,612587,2344574,1939081,1607778,883880,499246,295805,145702,55631,127804
Europe (UN),,1995,15950,644283,2367025,1977823,1580338,852605,515286,294923,152829,58537,119134
Europe (UN),,1996,17188,669077,2314640,2006289,1533297,799613,497942,266796,141073,54243,109969
Europe (UN),,1997,18539,692456,2226222,2081957,1489791,751814,473466,236650,128789,51315,103339
Europe (UN),,1998,20011,721201,2148069,2186027,1459369,720301,468786,225095,129346,51527,97221
Europe (UN),,1999,21541,757585,2110605,2304284,1469701,726843,498069,236065,140841,55397,93063
Europe (UN),,2000,22573,765394,2062635,2332361,1456498,730580,513128,236794,142281,53319,86069
Europe (UN),,2001,24322,782924,2035329,2345830,1438494,740877,525744,231605,132959,51090,82323
Europe (UN),,2002,26367,828712,2070500,2383435,1431297,769985,541454,228938,129804,48248,78145
Europe (UN),,2003,28273,875865,2133808,2384143,1406283,812128,551988,227268,128651,46056,74925
Europe (UN),,2004,27959,840510,2073563,2274558,1343384,835836,544044,222416,127926,44149,72278
Europe (UN),,2005,30095,864777,2149385,2249329,1306729,878572,540981,221262,128181,41864,68793
Europe (UN),,2006,31208,825922,2189666,2161142,1232919,869607,497706,207850,122940,39061,66963
Europe (UN),,2007,33509,807056,2289996,2123729,1185537,858189,468782,199400,118993,37044,65267
Europe (UN),,2008,36416,795885,2401209,2099896,1151359,856608,449242,194204,114927,33458,63564
Europe (UN),,2009,38344,783724,2480484,2058144,1119156,833920,417382,182853,107162,30340,61947
Europe (UN),,2010,41215,813021,2542917,2041881,1111284,830537,405220,181436,104745,28833,63289
Europe (UN),,2011,42862,847971,2518545,1959491,1079151,793415,371539,168015,95554,24844,56594
Europe (UN),,2012,47150,932152,2592431,1935729,1092102,774732,352243,162066,90921,23069,58659
Europe (UN),,2013,49334,969456,2564319,1882610,1113334,758637,338805,159309,85744,21285,55223
Europe (UN),,2014,51339,1002072,2515125,1842539,1144631,747911,332227,160296,83130,20866,52990
Europe (UN),,2015,54415,1111199,2595523,1845497,1199531,734765,321501,152900,74630,19521,49760
Europe (UN),,2016,50632,1129242,2537109,1789554,1226208,711801,311359,146444,66860,18276,47708
Europe (UN),,2017,50211,1218774,2586953,1761871,1223641,678058,297081,139913,60917,17702,44347
Europe (UN),,2018,49303,1272020,2618449,1752963,1252216,673572,300911,140824,56523,17441,41342
Europe (UN),,2019,49855,1292795,2593806,1729743,1259245,657207,298339,139857,53784,16954,38841
Europe (UN),,2020,60093,1478948,2971233,1980089,1450947,689691,311134,160226,53701,16797,35687
Europe (UN),,2021,65261,1425089,3007276,2174927,1600127,731040,344233,160067,50085,18279,35766
Europe (UN),,2022,73616,1469695,2755212,1913189,1369253,636108,314069,163670,60911,20768,35201
Europe (UN),,2023,73661,1417275,2591205,1804125,1248929,602452,297277,147952,61959,18307,30122
Oceania (UN),,1950,50,2699,18373,27839,23262,13505,8307,6673,6798,4319,34691
Oceania (UN),,1951,49,3022,18964,28993,24230,14249,8950,7614,7863,5439,37469
Oceania (UN),,1952,48,2962,18806,28747,24305,13963,8722,6894,6723,4121,35009
Oceania (UN),,1953,50,3032,18462,28779,23566,13649,8693,6654,6472,4083,34717
Oceania (UN),,1954,52,3284,19034,30050,23749,13592,8745,6733,6406,3970,34355
Oceania (UN),,1955,55,3346,19061,30165,24026,13610,8847,6634,6077,3978,34312
Oceania (UN),,1956,60,3612,20776,31843,24314,13893,9051,6735,6066,3884,34115
Oceania (UN),,1957,63,3654,19940,31795,24395,14119,9211,6870,5977,3965,34108
Oceania (UN),,1958,66,3688,19654,31442,23687,14258,9266,6711,5826,3864,33609
Oceania (UN),,1959,74,4105,21071,33621,24470,15008,9637,6922,5625,3899,33725
Oceania (UN),,1960,79,4198,21166,33047,24418,15155,9734,6717,5483,3912,33085
Oceania (UN),,1961,82,4135,21681,33793,24370,15343,9776,6697,5477,3942,32896
Oceania (UN),,1962,89,4345,23187,35260,24778,16056,10096,6747,5513,3977,32642
Oceania (UN),,1963,97,4425,23516,35870,25430,16613,10271,6572,5422,3981,31764
Oceania (UN),,1964,100,4746,25377,37600,26516,17565,10533,6622,5438,4120,31290
Oceania (UN),,1965,105,4702,25225,36994,26750,17937,10521,6542,5535,4212,30485
Oceania (UN),,1966,120,5092,26995,38344,27922,18376,10506,6490,5532,4266,30073
Oceania (UN),,1967,112,4890,26195,37084,27829,18775,10889,6123,5618,4096,29668
Oceania (UN),,1968,128,5586,29134,38739,29252,18949,10868,6214,5675,4285,29619
Oceania (UN),,1969,121,5282,27650,37732,29457,18890,11042,6034,5627,4182,29392
Oceania (UN),,1970,133,5845,29698,39270,30737,19473,11074,6178,5863,4389,29211
Oceania (UN),,1971,136,5991,29523,37702,29512,19060,10776,5943,5892,4450,29010
Oceania (UN),,1972,147,6260,29718,38201,30568,19310,10730,5830,5743,4392,28086
Oceania (UN),,1973,152,6280,30142,38176,31111,19424,10785,5806,5825,4485,27074
Oceania (UN),,1974,172,6967,31474,39414,32159,20089,10787,5857,5854,4560,26258
Oceania (UN),,1975,158,6483,29525,37705,31505,19573,10354,5914,5839,4499,25168
Oceania (UN),,1976,187,7251,31019,39931,32121,19799,10168,5729,5728,4459,24089
Oceania (UN),,1977,184,6996,29787,38949,31659,19361,9979,5772,6021,4555,23319
Oceania (UN),,1978,190,7136,29488,39296,31693,19456,9543,5727,5971,4456,22548
Oceania (UN),,1979,223,7675,29653,39554,31212,19367,9195,5645,6006,4259,21833
Oceania (UN),,1980,241,8231,31513,40823,31543,19198,9084,5623,5899,4178,21265
Oceania (UN),,1981,267,8583,31739,40965,31659,19026,8851,5599,5939,4186,20964
Oceania (UN),,1982,304,9519,33621,42662,32588,18877,8814,5715,6163,4093,20738
Oceania (UN),,1983,296,8956,32964,42676,32078,18399,8491,5693,6142,3899,20520
Oceania (UN),,1984,333,9646,34391,44086,31912,17965,8638,5864,6097,3945,20185
Oceania (UN),,1985,374,10697,37528,45966,32451,17695,8699,5923,6431,3972,20257
Oceania (UN),,1986,387,10461,36113,45604,32415,17090,8724,6051,6347,4003,19900
Oceania (UN),,1987,438,11080,38599,46830,32659,17139,8859,6153,6471,3970,19705
Oceania (UN),,1988,451,11279,39596,47082,32927,16497,9043,6288,6635,3959,19515
Oceania (UN),,1989,524,12650,42379,48570,33654,16266,9123,6453,6566,3950,19474
Oceania (UN),,1990,471,11643,40674,46666,32699,15944,9199,6471,6558,3768,19205
Oceania (UN),,1991,500,12159,41248,46792,32290,15663,9365,6677,6280,3665,18800
Oceania (UN),,1992,538,13042,44313,48362,32272,15951,9453,6666,6306,3610,18766
Oceania (UN),,1993,561,13226,44893,47868,31224,15751,9559,6883,6164,3630,18591
Oceania (UN),,1994,637,14810,48302,49143,31375,15894,9848,7025,6190,3572,18524
Oceania (UN),,1995,649,15107,48872,48603,30564,15964,9932,7257,6442,3623,18487
Oceania (UN),,1996,684,16407,50927,49478,30249,16289,10114,7364,6380,3764,18653
Oceania (UN),,1997,713,17066,51713,49068,29699,16539,10235,7323,6489,3800,18734
Oceania (UN),,1998,710,17163,50807,49231,28859,16771,10502,7834,6888,4131,19616
Oceania (UN),,1999,755,18489,52480,50281,28141,16840,10537,7555,6664,3798,18986
Oceania (UN),,2000,807,19484,53179,49316,27758,17225,10791,7632,6524,3813,18972
Oceania (UN),,2001,865,20411,55081,49135,27898,17602,10849,7563,6278,3762,19031
Oceania (UN),,2002,944,22501,58036,49445,28380,18058,11322,7617,6347,3839,19211
Oceania (UN),,2003,967,23257,58064,48303,28473,18157,11709,7702,6345,3903,19155
Oceania (UN),,2004,969,23994,59520,47914,28696,18569,11794,7683,6444,3900,19177
Oceania (UN),,2005,1011.99994,24761,59456,45904,28748,18877,12155,7730,6506,3881,19311
Oceania (UN),,2006,1144,26703,61909,46188,29097,19273,12267,7732,6504,3982,19213
Oceania (UN),,2007,1222,27881,64472,46629,30538,19794,12490,8026,6656,4014,19237
Oceania (UN),,2008,1336,29669,67264,46657,30791,19883,12510,7907,6622,3959,19063
Oceania (UN),,2009,1347,29517,66785,45800,31396,20375,12900,7993,6713,3985,19024
Oceania (UN),,2010,1428,31048,67685,45365,31504,20505,12765,7835,6567,3889,18833
Oceania (UN),,2011,1548,33375,69345,46397,32612,21074,12793,7848,6666,3822,18498
Oceania (UN),,2012,1663,35618,70119,47058,33328,21392,12846,7702,6647,3862,18230
Oceania (UN),,2013,1643,35067,68693,47080,34247,22082,12941,7712,6458,3714,18068
Oceania (UN),,2014,1847,38476,70041,49026,35194,22673,13093,7903,6519,3624,17849
Oceania (UN),,2015,1947,40323,70798,50174,35727,23254,13332,7928,6571,3716,17418
Oceania (UN),,2016,2036,41402,70561,51011,36224,23524,13333,8055,6670,3592,17049
Oceania (UN),,2017,2125,43700,72405,53981,37251,23918,13609,8230,6706,3675,16808
Oceania (UN),,2018,2132,43288,70045,53712,37574,24199,13343,8263,6735,3698,16449
Oceania (UN),,2019,2276,45463,71895,55556,38454,24519,13670,8370,6946,3701,16175
Oceania (UN),,2020,2346,44730,70717,57067,39907,25410,13633,8112,6517,3717,15658
Oceania (UN),,2021,2717,47542,74370,60274,42580,27905,15241,8977,6730,3716,15422
Oceania (UN),,2022,3610,58212,86441,67259,53939,28649,11018,6348,5276,3208,15251
Oceania (UN),,2023,3252,52529,80421,63302,45522,26126,12252,6367,5345,3162,14569
World,OWID_WRL,1950,8378,409301,2766890,5062789,5017177,3661557,2912009,2457643,2605840,2022298,21563010
World,OWID_WRL,1951,8410,407257,2771176,5103615,5003019,3654217,2865380,2373071,2495975,1964489,21529552
World,OWID_WRL,1952,8483,396187,2710575,5033227,4931329,3608010,2775244,2245676,2329369,1866358,21478906
World,OWID_WRL,1953,8517,397539,2735629,5066771,4926233,3608160,2742478,2199438,2280298,1813176,21461336
World,OWID_WRL,1954,8199,390782,2691758,5010803,4881466,3579134,2682866,2133430,2202176,1740018,21341796
World,OWID_WRL,1955,7806,395529,2734404,5066793,4922898,3609515,2672740,2121353,2181291,1711563,21211764
World,OWID_WRL,1956,7795,401971,2793608,5148739,4963736,3644739,2658005,2120453,2166146,1687584,20886286
World,OWID_WRL,1957,7893,397814,2794652,5225862,5039879,3705087,2658193,2140871,2168945,1691049,21050530
World,OWID_WRL,1958,7715,392708,2784721,5231998,4999878,3707647,2626710,2147316,2155080,1680681,20783808
World,OWID_WRL,1959,7483,400153,2880458,5549107,5357842,4041513,2839065,2346810,2317539,1943419,23041124
World,OWID_WRL,1960,7464,414677,2988055,5818071,5714216,4358800,3059687,2543254,2474587,2239179,24994450
World,OWID_WRL,1961,7416,407295,2921798,5596017,5471763,4102674,2846847,2383046,2300077,2012077,21869914
World,OWID_WRL,1962,7784,421760,2962489,5500596,5242781,3816667,2583799,2167654,2066768,1697627,19593522
World,OWID_WRL,1963,8012.9995,432722,3010961,5563070,5318997,3830371,2576043,2164024,2033501,1718030,20257476
World,OWID_WRL,1964,7987,430470,3001200,5569191,5358946,3826625,2559666,2151476,1998211,1734705,20184404
World,OWID_WRL,1965,8547,458515,3139960,5753294,5552617,3928571,2640602,2236225,2083490,1840052,20571676
World,OWID_WRL,1966,8832,473246,3192004,5795668,5590483,3892196,2618700,2188248,2000053,1845729,20236364
World,OWID_WRL,1967,9110,488570,3259383,5851291,5644068,3856340,2616997,2152356,1964177,1829791,19896710
World,OWID_WRL,1968,10008,518940,3419151,5989215,5741396,3834499,2630468,2126342,1943718,1810265,19605244
World,OWID_WRL,1969,10271,523946,3481932,6104919,5865122,3825416,2660537,2105522,1941638,1803600,19493050
World,OWID_WRL,1970,10581,538926,3540281,6179723,5907496,3819501,2689284,2101359,1972424,1842206,19561686
World,OWID_WRL,1971,11317,565611,3629553,6331716,6029939,3916197,2826371,2249453,2242115,1916864,19664972
World,OWID_WRL,1972,12125,584329,3666705,6392650,5951208,3781025,2685163,2033485,1995728,1791775,18876028
World,OWID_WRL,1973,13059,614928,3771278,6508103,5959044,3754646,2670768,1985131,1996895,1780637,18518788
World,OWID_WRL,1974,13795,635271,3830988,6610523,5987052,3751921,2673013,1958332,2026978,1792064,18198160
World,OWID_WRL,1975,14416,655889,3923487,6757962,6024609,3786214,2702512,1979840,2117475,1866978,17793612
World,OWID_WRL,1976,15857,696175,4033463,6894154,6047883,3840371,2714398,1964047,2152068,1904130,17444710
World,OWID_WRL,1977,16394,707381,4072788,6970432,5995400,3864890,2680494,1914272,2128225,1845476,16971042
World,OWID_WRL,1978,17711,748540,4209576,7146661,6001759,3939650,2671855,1899579,2153959,1832642,16671211
World,OWID_WRL,1979,18584,777294,4308967,7285482,5973147,3979404,2618788,1841500,2077370,1726453,16356895
World,OWID_WRL,1980,20312,824197,4509271,7492230,6014423,4043709,2606887,1849613,2080757,1722256,16186270
World,OWID_WRL,1981,21215,847521,4660911,7580447,6018427,4074105,2587108,1863209,2085114,1719682,16013055
World,OWID_WRL,1982,22460,869402,4801201,7686459,6036740,4101370,2563799,1884687,2083828,1708187,15901209
World,OWID_WRL,1983,25037,925697,5035543,7871257,6090355,4152895,2551401,1915989,2079697,1700157,15858547
World,OWID_WRL,1984,26736,955817,5176327,7978079,6133613,4176650,2540975,1958294,2086479,1678932,15718722
World,OWID_WRL,1985,29585,1020037,5408586,8123153,6204285,4177645,2507808,1990333,2081670,1659053,15570657
World,OWID_WRL,1986,31499,1050911,5524804,8118670,6268419,4140131,2461510,2004999,2065243,1622274,15355151
World,OWID_WRL,1987,34447,1086611,5659035,8102179,6380546,4151699,2453816,2043122,2071129,1603980,15070448
World,OWID_WRL,1988,38027,1154452,5882270,8136578,6549182,4175716,2468028,2080687,2078853,1589812,15029578
World,OWID_WRL,1989,40538,1200714,6034791,8125465,6673580,4180306,2488173,2107314,2084976,1562127,14680278
World,OWID_WRL,1990,43063,1271952,6243389,8235614,6827817,4223347,2547603,2162569,2138864,1567789,14532338
World,OWID_WRL,1991,45070,1332611,6381905,8299063,6934346,4249016,2607497,2200882,2163808,1579899,14314336
World,OWID_WRL,1992,46025,1398786,6524739,8364669,7046222,4288481,2692297,2259273,2199035,1566074,13896273
World,OWID_WRL,1993,48759,1509538,6785379,8509317,7212465,4357916,2815597,2329653,2212400,1560272,13490508
World,OWID_WRL,1994,49499,1568778,6915893,8616748,7354981,4464518,3063385,2560588,2403986,1669018,13263215
World,OWID_WRL,1995,52012,1656612,7067370,8748174,7338013,4385065,3033174,2413869,2224200,1556871,12931530
World,OWID_WRL,1996,54486,1724753,7118830,8876783,7345506,4344067,3084122,2423896,2229990,1563683,12644839
World,OWID_WRL,1997,58689,1803749,7157091,9075686,7359131,4314186,3114979,2415557,2226083,1571643,12335216
World,OWID_WRL,1998,63513,1889831,7218129,9339647,7390470,4329755,3191975,2462569,2268741,1603037,12095835
World,OWID_WRL,1999,70058,2005525,7351968,9623704,7443109,4385654,3268212,2504066,2271221,1585449,11674616
World,OWID_WRL,2000,75232,2068641,7438032,9780476,7444305,4436032,3309293,2524451,2246316,1565380,11352210
World,OWID_WRL,2001,80456,2137714,7565463,9931941,7451081,4515570,3362715,2565445,2244178,1563039,11013642
World,OWID_WRL,2002,86037,2248843,7781022,10112685,7467414,4622156,3409926,2584257,2236502,1545270,10663423
World,OWID_WRL,2003,91124,2366470,8033702,10268929,7456643,4758956,3464464,2590509,2236428,1528162,10281685
World,OWID_WRL,2004,93109,2393471,8154538,10302233,7419135,4902146,3517208,2608008,2253214,1533915,10010825
World,OWID_WRL,2005,99317,2507849,8457738,10416816,7388150,5047521,3526955,2577795,2228939,1496917,9642439
World,OWID_WRL,2006,103526,2533605,8688537,10460370,7339635,5141747,3502892,2546982,2211448,1459347,9293687
World,OWID_WRL,2007,109545,2581725,9002723,10549061,7332000,5223400,3481514,2516982,2191952,1427427,8993718
World,OWID_WRL,2008,117046,2654160,9368476,10676021,7395783,5352946,3503864,2512135,2192205,1424436,8789948
World,OWID_WRL,2009,121693,2690487,9619297,10701545,7452384,5412471,3498782,2473954,2191295,1395630,8565084
World,OWID_WRL,2010,130192.99,2825228,9897425,10751719,7544969,5457019,3491995,2420048,2128804,1358225,8262963
World,OWID_WRL,2011,137003,2968652,10110190,10783975,7673800,5497631,3495528,2378185,2093378,1329921,8113176.5
World,OWID_WRL,2012,145751,3140489,10362044,10814997,7842468,5536062,3484897,2346266,2063793,1294473,7763548
World,OWID_WRL,2013,152201,3271072,10542559,10838497,8074186,5612339,3469697,2324020,2033937,1270453,7503660
World,OWID_WRL,2014,158896,3404416,10680713,10877221,8344205,5699061,3456978,2320290,2018460,1260129,7324949
World,OWID_WRL,2015,167432,3638385,10975077,10976827,8655156,5765930,3440845,2311029,1995641,1248780,7130866
World,OWID_WRL,2016,168447,3765352,11117434,11054353,8943250,5827115,3432717,2311592,1978300,1232963,6925388
World,OWID_WRL,2017,175850,3996964,11438699,11246435,9215524,5863411,3419754,2306552,1953804,1223500,6731761
World,OWID_WRL,2018,181592,4154664,11596980,11370985,9413781,5884754,3386655,2285564,1899804,1187909,6430116
World,OWID_WRL,2019,191697,4299407,11772971,11608089,9613675,5940199,3366134,2280542,1873426,1174176,6234616
World,OWID_WRL,2020,220608,4851769,13022139,13061248,10975648,6623039,3588262,2296794,1791952,1136524,5978332
World,OWID_WRL,2021,240424,5049874,13857204,14696733,12401044,7715818,4212755,2649640,1923540,1144912,5836156
World,OWID_WRL,2022,246717,4941828,12738092,12960688,10378485,6379709,3469646,2347720,1861360,1165482,5788900
World,OWID_WRL,2023,243360,4949728,12765292,13168804,10232116,6220012,3360232,2268561,1791513,1126899,5525091