Entity,Code,Year,Population (historical)
Africa,,1700,79472542
Africa,,1710,78950470
Africa,,1720,79203558
Africa,,1730,79520498
Africa,,1740,79902000
Africa,,1750,80349715
Africa,,1760,80866461
Africa,,1770,81456617
Africa,,1780,82126790
Africa,,1785,82381934
Africa,,1788,82637079
Africa,,1790,82892223
Africa,,1800,81273172
Africa,,1801,81378197
Africa,,1802,81484588
Africa,,1803,81592351
Africa,,1804,81701503
Africa,,1805,81812061
Africa,,1806,81924029
Africa,,1807,82037425
Africa,,1808,82152271
Africa,,1809,82268577
Africa,,1810,82387585
Africa,,1811,82515959
Africa,,1812,82655601
Africa,,1813,82806647
Africa,,1814,82969493
Africa,,1815,83144278
Africa,,1816,83331163
Africa,,1817,83530303
Africa,,1818,83741849
Africa,,1819,84037482
Africa,,1820,84418699
Africa,,1821,84896601
Africa,,1822,85462636
Africa,,1823,86142885
Africa,,1824,86843609
Africa,,1825,87565137
Africa,,1826,88307785
Africa,,1827,89071893
Africa,,1828,89857801
Africa,,1829,90666142
Africa,,1830,91497291
Africa,,1831,92352331
Africa,,1832,93221742
Africa,,1833,94105808
Africa,,1834,95004472
Africa,,1835,95918027
Africa,,1836,96846733
Africa,,1837,97790863
Africa,,1838,98750710
Africa,,1839,99745866
Africa,,1840,100777177
Africa,,1841,101844538
Africa,,1842,102949818
Africa,,1843,104093942
Africa,,1844,105258529
Africa,,1845,106444013
Africa,,1846,107650802
Africa,,1847,108879329
Africa,,1848,110130035
Africa,,1849,111271621
Africa,,1850,112301163
Africa,,1851,112964625
Africa,,1852,113506374
Africa,,1853,113925748
Africa,,1854,114348862
Africa,,1855,114775726
Africa,,1856,115206465
Africa,,1857,115641146
Africa,,1858,116079843
Africa,,1859,116531294
Africa,,1860,116995450
Africa,,1861,117468679
Africa,,1862,117954363
Africa,,1863,118452604
Africa,,1864,118954681
Africa,,1865,119460616
Africa,,1866,119970440
Africa,,1867,120484192
Africa,,1868,121001894
Africa,,1869,121535848
Africa,,1870,122086255
Africa,,1871,122649582
Africa,,1872,123231396
Africa,,1873,123830278
Africa,,1874,124434132
Africa,,1875,125042995
Africa,,1876,125656913
Africa,,1877,126275921
Africa,,1878,126900066
Africa,,1879,127539564
Africa,,1880,128194527
Africa,,1881,128863890
Africa,,1882,129548955
Africa,,1883,130249836
Africa,,1884,130956522
Africa,,1885,131669056
Africa,,1886,132387485
Africa,,1887,133111879
Africa,,1888,133842280
Africa,,1889,134489847
Africa,,1890,135054738
Africa,,1891,135539040
Africa,,1892,135941070
Africa,,1893,136260909
Africa,,1894,136587590
Africa,,1895,136921163
Africa,,1896,137261683
Africa,,1897,137609187
Africa,,1898,137963724
Africa,,1899,138345391
Africa,,1900,138755559
Africa,,1901,139195205
Africa,,1902,139666271
Africa,,1903,140170120
Africa,,1904,140688001
Africa,,1905,141220048
Africa,,1906,141766391
Africa,,1907,142327180
Africa,,1908,142902543
Africa,,1909,143483346
Africa,,1910,144068383
Africa,,1911,144655670
Africa,,1912,145245400
Africa,,1913,145835662
Africa,,1914,146434524
Africa,,1915,147042086
Africa,,1916,147658424
Africa,,1917,148283643
Africa,,1918,148892208
Africa,,1919,149751440
Africa,,1920,150865200
Africa,,1921,152239781
Africa,,1922,153876862
Africa,,1923,155780482
Africa,,1924,157712366
Africa,,1925,159672951
Africa,,1926,161662674
Africa,,1927,163681990
Africa,,1928,165731367
Africa,,1929,167813287
Africa,,1930,169928217
Africa,,1931,172076932
Africa,,1932,174259628
Africa,,1933,176476818
Africa,,1934,178726971
Africa,,1935,181010603
Africa,,1936,183328236
Africa,,1937,185680386
Africa,,1938,188067589
Africa,,1939,190609541
Africa,,1940,193310936
Africa,,1941,196179592
Africa,,1942,199217422
Africa,,1943,202429483
Africa,,1944,205701792
Africa,,1945,209035531
Africa,,1946,212431894
Africa,,1947,215892104
Africa,,1948,219417415
Africa,,1949,223283391
Africa,,1950,227774209
Africa,,1951,232554674
Africa,,1952,237537188
Africa,,1953,242682706
Africa,,1954,248003481
Africa,,1955,253535503
Africa,,1956,259269054
Africa,,1957,265126358
Africa,,1958,271039304
Africa,,1959,277269259
Africa,,1960,283919591
Africa,,1961,290811303
Africa,,1962,297957229
Africa,,1963,305368667
Africa,,1964,313057965
Africa,,1965,321010751
Africa,,1966,329249583
Africa,,1967,337848285
Africa,,1968,346798203
Africa,,1969,356029849
Africa,,1970,365549406
Africa,,1971,375323722
Africa,,1972,385309493
Africa,,1973,395819192
Africa,,1974,406867508
Africa,,1975,418430739
Africa,,1976,430494182
Africa,,1977,442657702
Africa,,1978,455536350
Africa,,1979,469195661
Africa,,1980,483048897
Africa,,1981,497618233
Africa,,1982,512956061
Africa,,1983,528229902
Africa,,1984,543635345
Africa,,1985,559661317
Africa,,1986,575964511
Africa,,1987,592598524
Africa,,1988,609384898
Africa,,1989,626356339
Africa,,1990,643772468
Africa,,1991,661100942
Africa,,1992,678555268
Africa,,1993,696618934
Africa,,1994,714499876
Africa,,1995,732692671
Africa,,1996,751470975
Africa,,1997,770381870
Africa,,1998,789978931
Africa,,1999,810076989
Africa,,2000,830579986
Africa,,2001,851687592
Africa,,2002,873408538
Africa,,2003,895731600
Africa,,2004,918775571
Africa,,2005,942543827
Africa,,2006,966929552
Africa,,2007,992053036
Africa,,2008,1018062641
Africa,,2009,1044774894
Africa,,2010,1072213852
Africa,,2011,1100146103
Africa,,2012,1128840888
Africa,,2013,1158777742
Africa,,2014,1189217775
Africa,,2015,1220072887
Africa,,2016,1251205849
Africa,,2017,1282899522
Africa,,2018,1315407108
Africa,,2019,1348002902
Africa,,2020,1380818597
Africa,,2021,1413750475
Africa,,2022,1446880936
Africa,,2023,1480767898
Asia,,1700,387156235
Asia,,1710,399833174
Asia,,1720,421380818
Asia,,1730,435102909
Asia,,1740,457265382
Asia,,1750,498937067
Asia,,1760,524257046
Asia,,1770,554028046
Asia,,1780,616358292
Asia,,1785,626330148
Asia,,1788,636302004
Asia,,1790,646273860
Asia,,1800,683181540
Asia,,1801,685331004
Asia,,1802,687499996
Asia,,1803,689688487
Asia,,1804,691896457
Asia,,1805,694123893
Asia,,1806,696370781
Asia,,1807,698637130
Asia,,1808,700922938
Asia,,1809,703228216
Asia,,1810,706697247
Asia,,1811,710184970
Asia,,1812,714101589
Asia,,1813,718452410
Asia,,1814,722875649
Asia,,1815,727371867
Asia,,1816,731941628
Asia,,1817,736585517
Asia,,1818,741304115
Asia,,1819,745877888
Asia,,1820,750302436
Asia,,1821,754333381
Asia,,1822,758182933
Asia,,1823,762351061
Asia,,1824,766551242
Asia,,1825,770783722
Asia,,1826,775048757
Asia,,1827,779346599
Asia,,1828,783677502
Asia,,1829,787519369
Asia,,1830,790868367
Asia,,1831,793720630
Asia,,1832,796067340
Asia,,1833,797904515
Asia,,1834,799750516
Asia,,1835,801605412
Asia,,1836,803463258
Asia,,1837,805330136
Asia,,1838,807206121
Asia,,1839,809029646
Asia,,1840,810809627
Asia,,1841,812540636
Asia,,1842,814222743
Asia,,1843,815855997
Asia,,1844,817502099
Asia,,1845,819161198
Asia,,1846,820833452
Asia,,1847,822519006
Asia,,1848,824218038
Asia,,1849,825222462
Asia,,1850,825539753
Asia,,1851,824919179
Asia,,1852,823625614
Asia,,1853,821666826
Asia,,1854,819758194
Asia,,1855,817899693
Asia,,1856,816091289
Asia,,1857,814332986
Asia,,1858,812624772
Asia,,1859,811269628
Asia,,1860,810264188
Asia,,1861,809610216
Asia,,1862,809307266
Asia,,1863,809347406
Asia,,1864,809420661
Asia,,1865,809519559
Asia,,1866,809642614
Asia,,1867,809796645
Asia,,1868,809979613
Asia,,1869,810619596
Asia,,1870,811727086
Asia,,1871,813281475
Asia,,1872,815307566
Asia,,1873,817774457
Asia,,1874,820245876
Asia,,1875,822748807
Asia,,1876,825262338
Asia,,1877,827756319
Asia,,1878,830246401
Asia,,1879,833177921
Asia,,1880,836588561
Asia,,1881,840498338
Asia,,1882,844908026
Asia,,1883,849808775
Asia,,1884,854759869
Asia,,1885,859815828
Asia,,1886,864895539
Asia,,1887,870044849
Asia,,1888,875235619
Asia,,1889,880253270
Asia,,1890,885113714
Asia,,1891,889769283
Asia,,1892,894234392
Asia,,1893,898513802
Asia,,1894,902847416
Asia,,1895,907247338
Asia,,1896,911649066
Asia,,1897,916108835
Asia,,1898,920604531
Asia,,1899,925586618
Asia,,1900,931021418
Asia,,1901,936902660
Asia,,1902,943255046
Asia,,1903,950069951
Asia,,1904,956950596
Asia,,1905,963899803
Asia,,1906,970921559
Asia,,1907,978034978
Asia,,1908,985241824
Asia,,1909,992474216
Asia,,1910,999734197
Asia,,1911,1006983059
Asia,,1912,1014336227
Asia,,1913,1021733426
Asia,,1914,1029237086
Asia,,1915,1036849812
Asia,,1916,1044516276
Asia,,1917,1052212325
Asia,,1918,1060455454
Asia,,1919,1068676253
Asia,,1920,1076882587
Asia,,1921,1084965328
Asia,,1922,1092913940
Asia,,1923,1100750146
Asia,,1924,1108723191
Asia,,1925,1116816909
Asia,,1926,1125041494
Asia,,1927,1133396748
Asia,,1928,1141888360
Asia,,1929,1151215839
Asia,,1930,1161422369
Asia,,1931,1172523816
Asia,,1932,1184512344
Asia,,1933,1197356574
Asia,,1934,1210362883
Asia,,1935,1223537795
Asia,,1936,1236977246
Asia,,1937,1250648056
Asia,,1938,1264656203
Asia,,1939,1277274161
Asia,,1940,1288504299
Asia,,1941,1298273754
Asia,,1942,1306646035
Asia,,1943,1313426812
Asia,,1944,1319919228
Asia,,1945,1326525640
Asia,,1946,1333534070
Asia,,1947,1341255459
Asia,,1948,1349532393
Asia,,1949,1362069852
Asia,,1950,1367579481
Asia,,1951,1394307782
Asia,,1952,1423930209
Asia,,1953,1455631927
Asia,,1954,1488416246
Asia,,1955,1523144009
Asia,,1956,1558260420
Asia,,1957,1594672848
Asia,,1958,1631864404
Asia,,1959,1664695099
Asia,,1960,1691760355
Asia,,1961,1718154145
Asia,,1962,1753316513
Asia,,1963,1799302795
Asia,,1964,1847439318
Asia,,1965,1894027719
Asia,,1966,1940183973
Asia,,1967,1986305781
Asia,,1968,2034767285
Asia,,1969,2085426245
Asia,,1970,2136909351
Asia,,1971,2187670404
Asia,,1972,2237823261
Asia,,1973,2288850167
Asia,,1974,2339395711
Asia,,1975,2388508394
Asia,,1976,2436465079
Asia,,1977,2484226760
Asia,,1978,2531835271
Asia,,1979,2580753175
Asia,,1980,2631641160
Asia,,1981,2683996730
Asia,,1982,2738667123
Asia,,1983,2794054656
Asia,,1984,2849477520
Asia,,1985,2906230245
Asia,,1986,2964895798
Asia,,1987,3025639326
Asia,,1988,3086640461
Asia,,1989,3147691342
Asia,,1990,3209092004
Asia,,1991,3268205168
Asia,,1992,3324809895
Asia,,1993,3380037536
Asia,,1994,3433677775
Asia,,1995,3486815483
Asia,,1996,3539847378
Asia,,1997,3592365502
Asia,,1998,3644339290
Asia,,1999,3695618072
Asia,,2000,3746830370
Asia,,2001,3797951672
Asia,,2002,3847357208
Asia,,2003,3895797033
Asia,,2004,3944375963
Asia,,2005,3992888145
Asia,,2006,4041768964
Asia,,2007,4090561916
Asia,,2008,4139265006
Asia,,2009,4188826983
Asia,,2010,4238692440
Asia,,2011,4288347510
Asia,,2012,4338441067
Asia,,2013,4387754932
Asia,,2014,4435742151
Asia,,2015,4482085971
Asia,,2016,4527175741
Asia,,2017,4571222239
Asia,,2018,4612350382
Asia,,2019,4651096247
Asia,,2020,4686808823
Asia,,2021,4716996761
Asia,,2022,4746327240
Asia,,2023,4776657166
Europe,,1700,116961318
Europe,,1710,126227127
Europe,,1720,133486417
Europe,,1730,140970145
Europe,,1740,148508951
Europe,,1750,156132376
Europe,,1760,163885196
Europe,,1770,171739629
Europe,,1780,180122175
Europe,,1785,183089685
Europe,,1788,186057195
Europe,,1790,189024706
Europe,,1800,195246412
Europe,,1801,196163900
Europe,,1802,197091497
Europe,,1803,198029334
Europe,,1804,198977552
Europe,,1805,199936284
Europe,,1806,200905670
Europe,,1807,201885860
Europe,,1808,202876988
Europe,,1809,203879207
Europe,,1810,205293947
Europe,,1811,206739416
Europe,,1812,208363539
Europe,,1813,210176321
Europe,,1814,212061105
Europe,,1815,214020938
Europe,,1816,216059046
Europe,,1817,218178819
Europe,,1818,220383835
Europe,,1819,222539181
Europe,,1820,224634727
Europe,,1821,226663527
Europe,,1822,228610291
Europe,,1823,230462809
Europe,,1824,232346815
Europe,,1825,234266293
Europe,,1826,236266180
Europe,,1827,238299355
Europe,,1828,240366164
Europe,,1829,242421103
Europe,,1830,244463639
Europe,,1831,246452668
Europe,,1832,248413659
Europe,,1833,250345894
Europe,,1834,252294504
Europe,,1835,254259615
Europe,,1836,256241393
Europe,,1837,258239981
Europe,,1838,260255525
Europe,,1839,262182831
Europe,,1840,264021791
Europe,,1841,265776353
Europe,,1842,267442356
Europe,,1843,269019650
Europe,,1844,270613408
Europe,,1845,272223692
Europe,,1846,273850560
Europe,,1847,275494070
Europe,,1848,277154281
Europe,,1849,278843936
Europe,,1850,280563123
Europe,,1851,282296901
Europe,,1852,284060391
Europe,,1853,285853697
Europe,,1854,287664281
Europe,,1855,289492256
Europe,,1856,291337723
Europe,,1857,293200796
Europe,,1858,295081592
Europe,,1859,297016561
Europe,,1860,299005933
Europe,,1861,301044275
Europe,,1862,303137439
Europe,,1863,305285679
Europe,,1864,307452910
Europe,,1865,309639297
Europe,,1866,311845024
Europe,,1867,314070242
Europe,,1868,316315151
Europe,,1869,318617559
Europe,,1870,320978504
Europe,,1871,323347844
Europe,,1872,325833595
Europe,,1873,328381148
Europe,,1874,330953918
Europe,,1875,333552176
Europe,,1876,336176188
Europe,,1877,338826233
Europe,,1878,341502585
Europe,,1879,344193817
Europe,,1880,346899930
Europe,,1881,349618756
Europe,,1882,352352439
Europe,,1883,355100972
Europe,,1884,357876147
Europe,,1885,360678219
Europe,,1886,363507464
Europe,,1887,366364148
Europe,,1888,369248536
Europe,,1889,372179949
Europe,,1890,375159100
Europe,,1891,378195519
Europe,,1892,381281269
Europe,,1893,384417101
Europe,,1894,387584592
Europe,,1895,390784080
Europe,,1896,394015918
Europe,,1897,397280451
Europe,,1898,400578035
Europe,,1899,403943104
Europe,,1900,407376581
Europe,,1901,410884944
Europe,,1902,414462143
Europe,,1903,418110139
Europe,,1904,421795821
Europe,,1905,425519625
Europe,,1906,429280995
Europe,,1907,433083366
Europe,,1908,436924195
Europe,,1909,440229912
Europe,,1910,442998776
Europe,,1911,445190609
Europe,,1912,446861810
Europe,,1913,447992368
Europe,,1914,449146427
Europe,,1915,450266971
Europe,,1916,451345993
Europe,,1917,452420495
Europe,,1918,453501533
Europe,,1919,455052925
Europe,,1920,457174132
Europe,,1921,459698667
Europe,,1922,462748999
Europe,,1923,466215672
Europe,,1924,469720614
Europe,,1925,473281009
Europe,,1926,476866051
Europe,,1927,480474970
Europe,,1928,484127985
Europe,,1929,487757246
Europe,,1930,491365214
Europe,,1931,494952391
Europe,,1932,498506228
Europe,,1933,502023207
Europe,,1934,505565941
Europe,,1935,509132741
Europe,,1936,512724928
Europe,,1937,516345815
Europe,,1938,519971731
Europe,,1939,523558353
Europe,,1940,526690243
Europe,,1941,529457945
Europe,,1942,531902854
Europe,,1943,534125345
Europe,,1944,536476418
Europe,,1945,538373127
Europe,,1946,539551539
Europe,,1947,541177731
Europe,,1948,543661151
Europe,,1949,546600540
Europe,,1950,549359235
Europe,,1951,554333714
Europe,,1952,559296560
Europe,,1953,564658338
Europe,,1954,570267241
Europe,,1955,575975280
Europe,,1956,581697253
Europe,,1957,587738254
Europe,,1958,594180987
Europe,,1959,600392592
Europe,,1960,606401607
Europe,,1961,612455301
Europe,,1962,618415113
Europe,,1963,624197986
Europe,,1964,629765325
Europe,,1965,635028481
Europe,,1966,640034516
Europe,,1967,644730259
Europe,,1968,649246919
Europe,,1969,653777956
Europe,,1970,657643893
Europe,,1971,661608186
Europe,,1972,666180344
Europe,,1973,670463521
Europe,,1974,674402561
Europe,,1975,677936927
Europe,,1976,681316809
Europe,,1977,684764927
Europe,,1978,688103870
Europe,,1979,691421380
Europe,,1980,694959584
Europe,,1981,698280385
Europe,,1982,701145839
Europe,,1983,703983661
Europe,,1984,706827763
Europe,,1985,709669444
Europe,,1986,712733597
Europe,,1987,715920968
Europe,,1988,719139364
Europe,,1989,722199665
Europe,,1990,724925603
Europe,,1991,727280270
Europe,,1992,728424954
Europe,,1993,728829773
Europe,,1994,729727081
Europe,,1995,730241109
Europe,,1996,730247869
Europe,,1997,730320478
Europe,,1998,729776439
Europe,,1999,729146734
Europe,,2000,729109655
Europe,,2001,729199706
Europe,,2002,730105763
Europe,,2003,731373663
Europe,,2004,732261851
Europe,,2005,733080477
Europe,,2006,733736291
Europe,,2007,734966832
Europe,,2008,736638240
Europe,,2009,738042833
Europe,,2010,739270911
Europe,,2011,740503438
Europe,,2012,741622002
Europe,,2013,742652445
Europe,,2014,743840250
Europe,,2015,745454319
Europe,,2016,747237913
Europe,,2017,748681274
Europe,,2018,749833314
Europe,,2019,750788539
Europe,,2020,750824035
Europe,,2021,749928573
Europe,,2022,748293772
Europe,,2023,746945644
North America,,1700,6917912
North America,,1710,7798309
North America,,1720,8700588
North America,,1730,9624252
North America,,1740,10573615
North America,,1750,11553659
North America,,1760,12570693
North America,,1770,13632505
North America,,1780,14762351
North America,,1785,15159910
North America,,1788,15557992
North America,,1790,15956073
North America,,1800,14838476
North America,,1801,15067543
North America,,1802,15302421
North America,,1803,15543291
North America,,1804,15790335
North America,,1805,16043752
North America,,1806,16303758
North America,,1807,16570576
North America,,1808,16844448
North America,,1809,17125635
North America,,1810,17467032
North America,,1811,17807026
North America,,1812,18170503
North America,,1813,18557830
North America,,1814,18955663
North America,,1815,19364317
North America,,1816,19784121
North America,,1817,20215408
North America,,1818,20658526
North America,,1819,21090322
North America,,1820,21510792
North America,,1821,21914472
North America,,1822,22306791
North America,,1823,22690256
North America,,1824,23085940
North America,,1825,23494234
North America,,1826,23915551
North America,,1827,24350313
North America,,1828,24798968
North America,,1829,25266493
North America,,1830,25752839
North America,,1831,26257954
North America,,1832,26781734
North America,,1833,27324097
North America,,1834,27879464
North America,,1835,28450375
North America,,1836,29036018
North America,,1837,29636808
North America,,1838,30253171
North America,,1839,30898192
North America,,1840,31572942
North America,,1841,32282445
North America,,1842,33023934
North America,,1843,33798596
North America,,1844,34594944
North America,,1845,35413719
North America,,1846,36255619
North America,,1847,37121342
North America,,1848,38011630
North America,,1849,38929760
North America,,1850,39876325
North America,,1851,40841887
North America,,1852,41836401
North America,,1853,42860465
North America,,1854,43912160
North America,,1855,44992281
North America,,1856,46101638
North America,,1857,47241071
North America,,1858,48411445
North America,,1859,49534688
North America,,1860,50608530
North America,,1861,51632173
North America,,1862,52601505
North America,,1863,53514090
North America,,1864,54446117
North America,,1865,55398018
North America,,1866,56370241
North America,,1867,57363246
North America,,1868,58377495
North America,,1869,59427419
North America,,1870,60513653
North America,,1871,61637389
North America,,1872,62798793
North America,,1873,63998469
North America,,1874,65223148
North America,,1875,66473350
North America,,1876,67749620
North America,,1877,69052497
North America,,1878,70382546
North America,,1879,71736784
North America,,1880,73115624
North America,,1881,74519354
North America,,1882,75948520
North America,,1883,77403598
North America,,1884,78888589
North America,,1885,80404144
North America,,1886,81950956
North America,,1887,83529666
North America,,1888,85140963
North America,,1889,86734179
North America,,1890,88308062
North America,,1891,89862718
North America,,1892,91395747
North America,,1893,92905412
North America,,1894,94441593
North America,,1895,96004762
North America,,1896,97595406
North America,,1897,99214014
North America,,1898,100861099
North America,,1899,102568315
North America,,1900,104337410
North America,,1901,106180895
North America,,1902,108089728
North America,,1903,110065959
North America,,1904,112080346
North America,,1905,114133673
North America,,1906,116226723
North America,,1907,118360311
North America,,1908,120535258
North America,,1909,122613498
North America,,1910,124592009
North America,,1911,126465983
North America,,1912,128233714
North America,,1913,129892152
North America,,1914,131576569
North America,,1915,133287404
North America,,1916,135025110
North America,,1917,136790146
North America,,1918,138627638
North America,,1919,140539333
North America,,1920,142526252
North America,,1921,144590126
North America,,1922,146732202
North America,,1923,148952656
North America,,1924,151207691
North America,,1925,153497883
North America,,1926,155823817
North America,,1927,158186100
North America,,1928,160585326
North America,,1929,162832634
North America,,1930,164924377
North America,,1931,166858022
North America,,1932,168628143
North America,,1933,170231305
North America,,1934,171853041
North America,,1935,173493630
North America,,1936,175153352
North America,,1937,176832494
North America,,1938,178531353
North America,,1939,180525231
North America,,1940,182822969
North America,,1941,185448790
North America,,1942,188396325
North America,,1943,191674968
North America,,1944,195019353
North America,,1945,198431090
North America,,1946,201911790
North America,,1947,205463279
North America,,1948,209087124
North America,,1949,212900815
North America,,1950,222817107
North America,,1951,226776037
North America,,1952,230878519
North America,,1953,235112994
North America,,1954,239510269
North America,,1955,244054784
North America,,1956,248741863
North America,,1957,253586942
North America,,1958,258513014
North America,,1959,263667571
North America,,1960,269078139
North America,,1961,274661115
North America,,1962,280342875
North America,,1963,285960655
North America,,1964,291549331
North America,,1965,297054689
North America,,1966,302404313
North America,,1967,307618240
North America,,1968,312719669
North America,,1969,317805593
North America,,1970,323224153
North America,,1971,328859593
North America,,1972,334185876
North America,,1973,339229599
North America,,1974,344224980
North America,,1975,349222634
North America,,1976,354177037
North America,,1977,359150807
North America,,1978,364166624
North America,,1979,369227541
North America,,1980,374394560
North America,,1981,379562481
North America,,1982,384742544
North America,,1983,389993329
North America,,1984,395238170
North America,,1985,400469664
North America,,1986,405667492
North America,,1987,410875476
North America,,1988,416199896
North America,,1989,421641697
North America,,1990,427526016
North America,,1991,433790359
North America,,1992,440058900
North America,,1993,446183607
North America,,1994,452081591
North America,,1995,457856610
North America,,1996,463528279
North America,,1997,469104620
North America,,1998,474675644
North America,,1999,480236701
North America,,2000,485803188
North America,,2001,491430341
North America,,2002,497026321
North America,,2003,502585648
North America,,2004,508164928
North America,,2005,513797027
North America,,2006,519543323
North America,,2007,525493181
North America,,2008,531568098
North America,,2009,537615490
North America,,2010,543591378
North America,,2011,549550466
North America,,2012,555484452
North America,,2013,561343702
North America,,2014,567076721
North America,,2015,572635347
North America,,2016,578184350
North America,,2017,583667388
North America,,2018,589047608
North America,,2019,594344896
North America,,2020,598248690
North America,,2021,600874414
North America,,2022,604354281
North America,,2023,608768595
Oceania,,1700,2018318
Oceania,,1710,2017295
Oceania,,1720,2027232
Oceania,,1730,2037817
Oceania,,1740,2049132
Oceania,,1750,2061276
Oceania,,1760,2074366
Oceania,,1770,2088722
Oceania,,1780,2104602
Oceania,,1785,2110613
Oceania,,1788,2116624
Oceania,,1790,2124461
Oceania,,1800,1620657
Oceania,,1801,1620119
Oceania,,1802,1619949
Oceania,,1803,1620141
Oceania,,1804,1620693
Oceania,,1805,1621599
Oceania,,1806,1622859
Oceania,,1807,1624467
Oceania,,1808,1626422
Oceania,,1809,1628720
Oceania,,1810,1631699
Oceania,,1811,1634699
Oceania,,1812,1638040
Oceania,,1813,1641721
Oceania,,1814,1645736
Oceania,,1815,1650090
Oceania,,1816,1654780
Oceania,,1817,1659805
Oceania,,1818,1665170
Oceania,,1819,1670038
Oceania,,1820,1674349
Oceania,,1821,1678116
Oceania,,1822,1681194
Oceania,,1823,1683517
Oceania,,1824,1685857
Oceania,,1825,1688210
Oceania,,1826,1690581
Oceania,,1827,1692967
Oceania,,1828,1695367
Oceania,,1829,1698772
Oceania,,1830,1703246
Oceania,,1831,1708870
Oceania,,1832,1715692
Oceania,,1833,1723774
Oceania,,1834,1732193
Oceania,,1835,1740951
Oceania,,1836,1750049
Oceania,,1837,1759488
Oceania,,1838,1769272
Oceania,,1839,1781213
Oceania,,1840,1795366
Oceania,,1841,1811821
Oceania,,1842,1830621
Oceania,,1843,1851846
Oceania,,1844,1872950
Oceania,,1845,1894767
Oceania,,1846,1917329
Oceania,,1847,1940659
Oceania,,1848,1964781
Oceania,,1849,1995288
Oceania,,1850,2032857
Oceania,,1851,2078451
Oceania,,1852,2132647
Oceania,,1853,2196326
Oceania,,1854,2264890
Oceania,,1855,2338735
Oceania,,1856,2418277
Oceania,,1857,2503970
Oceania,,1858,2596312
Oceania,,1859,2683199
Oceania,,1860,2763826
Oceania,,1861,2837241
Oceania,,1862,2902542
Oceania,,1863,2958669
Oceania,,1864,3017086
Oceania,,1865,3077912
Oceania,,1866,3141281
Oceania,,1867,3207329
Oceania,,1868,3276206
Oceania,,1869,3343926
Oceania,,1870,3410322
Oceania,,1871,3475242
Oceania,,1872,3538480
Oceania,,1873,3599838
Oceania,,1874,3663234
Oceania,,1875,3728757
Oceania,,1876,3796498
Oceania,,1877,3866560
Oceania,,1878,3939045
Oceania,,1879,4016356
Oceania,,1880,4098641
Oceania,,1881,4186056
Oceania,,1882,4278728
Oceania,,1883,4376801
Oceania,,1884,4478121
Oceania,,1885,4582800
Oceania,,1886,4690949
Oceania,,1887,4802688
Oceania,,1888,4918132
Oceania,,1889,5026624
Oceania,,1890,5127719
Oceania,,1891,5220967
Oceania,,1892,5305869
Oceania,,1893,5381923
Oceania,,1894,5459376
Oceania,,1895,5538256
Oceania,,1896,5618588
Oceania,,1897,5700397
Oceania,,1898,5783717
Oceania,,1899,5868060
Oceania,,1900,5953433
Oceania,,1901,6041327
Oceania,,1902,6130184
Oceania,,1903,6220591
Oceania,,1904,6312597
Oceania,,1905,6406235
Oceania,,1906,6501530
Oceania,,1907,6598488
Oceania,,1908,6697172
Oceania,,1909,6790851
Oceania,,1910,6879951
Oceania,,1911,6964892
Oceania,,1912,7046058
Oceania,,1913,7123860
Oceania,,1914,7205520
Oceania,,1915,7290999
Oceania,,1916,7380277
Oceania,,1917,7473453
Oceania,,1918,7570421
Oceania,,1919,7675449
Oceania,,1920,7788336
Oceania,,1921,7909222
Oceania,,1922,8037563
Oceania,,1923,8173227
Oceania,,1924,8311872
Oceania,,1925,8453536
Oceania,,1926,8598265
Oceania,,1927,8746765
Oceania,,1928,8898418
Oceania,,1929,9040802
Oceania,,1930,9173890
Oceania,,1931,9297495
Oceania,,1932,9411745
Oceania,,1933,9516612
Oceania,,1934,9624531
Oceania,,1935,9735548
Oceania,,1936,9849720
Oceania,,1937,9967434
Oceania,,1938,10088436
Oceania,,1939,10225032
Oceania,,1940,10377586
Oceania,,1941,10550355
Oceania,,1942,10739874
Oceania,,1943,10946545
Oceania,,1944,11158584
Oceania,,1945,11376148
Oceania,,1946,11599321
Oceania,,1947,11829601
Oceania,,1948,12065949
Oceania,,1949,12315056
Oceania,,1950,12581472
Oceania,,1951,12914478
Oceania,,1952,13228367
Oceania,,1953,13526495
Oceania,,1954,13823687
Oceania,,1955,14144525
Oceania,,1956,14483823
Oceania,,1957,14824629
Oceania,,1958,15165229
Oceania,,1959,15509289
Oceania,,1960,15861706
Oceania,,1961,16215883
Oceania,,1962,16559998
Oceania,,1963,16903665
Oceania,,1964,17253718
Oceania,,1965,17616248
Oceania,,1966,17985105
Oceania,,1967,18331263
Oceania,,1968,18669252
Oceania,,1969,19032821
Oceania,,1970,19493249
Oceania,,1971,20035104
Oceania,,1972,20493157
Oceania,,1973,20865213
Oceania,,1974,21227274
Oceania,,1975,21554944
Oceania,,1976,21841496
Oceania,,1977,22113653
Oceania,,1978,22382476
Oceania,,1979,22652735
Oceania,,1980,22953462
Oceania,,1981,23306514
Oceania,,1982,23689680
Oceania,,1983,24063514
Oceania,,1984,24420081
Oceania,,1985,24776633
Oceania,,1986,25148836
Oceania,,1987,25543579
Oceania,,1988,25955438
Oceania,,1989,26375975
Oceania,,1990,26838377
Oceania,,1991,27314307
Oceania,,1992,27745610
Oceania,,1993,28153373
Oceania,,1994,28572046
Oceania,,1995,29024263
Oceania,,1996,29497676
Oceania,,1997,29963633
Oceania,,1998,30419040
Oceania,,1999,30879103
Oceania,,2000,31351933
Oceania,,2001,31846184
Oceania,,2002,32364960
Oceania,,2003,32893504
Oceania,,2004,33417998
Oceania,,2005,33955117
Oceania,,2006,34539330
Oceania,,2007,35188982
Oceania,,2008,35889285
Oceania,,2009,36592503
Oceania,,2010,37253044
Oceania,,2011,37889028
Oceania,,2012,38549466
Oceania,,2013,39232903
Oceania,,2014,39917738
Oceania,,2015,40613970
Oceania,,2016,41346227
Oceania,,2017,42092960
Oceania,,2018,42814493
Oceania,,2019,43503484
Oceania,,2020,44078254
Oceania,,2021,44557503
Oceania,,2022,45048642
Oceania,,2023,45562108
South America,,1700,5901812
South America,,1710,6080041
South America,,1720,6275955
South America,,1730,6493347
South America,,1740,6736924
South America,,1750,7012585
South America,,1760,7327688
South America,,1770,7691442
South America,,1780,8115400
South America,,1785,8281616
South America,,1788,8447833
South America,,1790,8614050
South America,,1800,9277957
South America,,1801,9317480
South America,,1802,9360610
South America,,1803,9407381
South America,,1804,9457827
South America,,1805,9511985
South America,,1806,9569900
South America,,1807,9631616
South America,,1808,9697180
South America,,1809,9766647
South America,,1810,9862588
South America,,1811,9958485
South America,,1812,10064501
South America,,1813,10180660
South America,,1814,10300810
South America,,1815,10425044
South America,,1816,10553464
South America,,1817,10686171
South America,,1818,10823273
South America,,1819,10970443
South America,,1820,11127614
South America,,1821,11294718
South America,,1822,11471673
South America,,1823,11658400
South America,,1824,11849246
South America,,1825,12044305
South America,,1826,12243678
South America,,1827,12447466
South America,,1828,12655769
South America,,1829,12875055
South America,,1830,13105768
South America,,1831,13348394
South America,,1832,13603420
South America,,1833,13871366
South America,,1834,14146414
South America,,1835,14428797
South America,,1836,14718743
South America,,1837,15016504
South America,,1838,15322329
South America,,1839,15631013
South America,,1840,15942666
South America,,1841,16257411
South America,,1842,16575367
South America,,1843,16896665
South America,,1844,17226919
South America,,1845,17566445
South America,,1846,17915580
South America,,1847,18274667
South America,,1848,18644066
South America,,1849,18973167
South America,,1850,19261504
South America,,1851,19515726
South America,,1852,19728226
South America,,1853,19898328
South America,,1854,20076281
South America,,1855,20262109
South America,,1856,20455846
South America,,1857,20657524
South America,,1858,20867195
South America,,1859,21084967
South America,,1860,21310302
South America,,1861,21542667
South America,,1862,21781540
South America,,1863,22026397
South America,,1864,22276696
South America,,1865,22532555
South America,,1866,22794079
South America,,1867,23061391
South America,,1868,23334617
South America,,1869,23625455
South America,,1870,23934719
South America,,1871,24263242
South America,,1872,24611834
South America,,1873,24981309
South America,,1874,25360978
South America,,1875,25750976
South America,,1876,26151439
South America,,1877,26562511
South America,,1878,26984342
South America,,1879,27434075
South America,,1880,27912182
South America,,1881,28419221
South America,,1882,28955780
South America,,1883,29522539
South America,,1884,30103175
South America,,1885,30698196
South America,,1886,31308164
South America,,1887,31933652
South America,,1888,32575283
South America,,1889,33227633
South America,,1890,33890958
South America,,1891,34565468
South America,,1892,35251291
South America,,1893,35948511
South America,,1894,36663240
South America,,1895,37395860
South America,,1896,38146772
South America,,1897,38916387
South America,,1898,39705129
South America,,1899,40509877
South America,,1900,41330741
South America,,1901,42167855
South America,,1902,43021342
South America,,1903,43891359
South America,,1904,44781677
South America,,1905,45692841
South America,,1906,46625401
South America,,1907,47579926
South America,,1908,48557015
South America,,1909,49545768
South America,,1910,50545993
South America,,1911,51557488
South America,,1912,52579990
South America,,1913,53613237
South America,,1914,54668408
South America,,1915,55745990
South America,,1916,56846479
South America,,1917,57970388
South America,,1918,59102586
South America,,1919,60264993
South America,,1920,61458404
South America,,1921,62683653
South America,,1922,63941565
South America,,1923,65233001
South America,,1924,66552723
South America,,1925,67901379
South America,,1926,69279649
South America,,1927,70688219
South America,,1928,72127798
South America,,1929,73565553
South America,,1930,75000544
South America,,1931,76431800
South America,,1932,77858278
South America,,1933,79278889
South America,,1934,80726067
South America,,1935,82200318
South America,,1936,83702161
South America,,1937,85232121
South America,,1938,86790735
South America,,1939,88464085
South America,,1940,90256708
South America,,1941,92173082
South America,,1942,94218246
South America,,1943,96397191
South America,,1944,98629541
South America,,1945,100916646
South America,,1946,103259880
South America,,1947,105660667
South America,,1948,108120461
South America,,1949,110738251
South America,,1950,112972518
South America,,1951,116031401
South America,,1952,119206493
South America,,1953,122484796
South America,,1954,125864943
South America,,1955,129350744
South America,,1956,132948534
South America,,1957,136660252
South America,,1958,140477491
South America,,1959,144407615
South America,,1960,148440454
South America,,1961,152562728
South America,,1962,156773481
South America,,1963,161064912
South America,,1964,165412368
South America,,1965,169786673
South America,,1966,174174291
South America,,1967,178569874
South America,,1968,182976642
South America,,1969,187409946
South America,,1970,191854471
South America,,1971,196341773
South America,,1972,200916157
South America,,1973,205567961
South America,,1974,210288660
South America,,1975,215072199
South America,,1976,219942391
South America,,1977,224940528
South America,,1978,230063362
South America,,1979,235279543
South America,,1980,240598980
South America,,1981,246003537
South America,,1982,251462594
South America,,1983,256993122
South America,,1984,262567190
South America,,1985,268126678
South America,,1986,273653082
South America,,1987,279158924
South America,,1988,284662818
South America,,1989,290156946
South America,,1990,295638939
South America,,1991,301035132
South America,,1992,306385453
South America,,1993,311711792
South America,,1994,316982990
South America,,1995,322239113
South America,,1996,327453726
South America,,1997,332641973
South America,,1998,337867565
South America,,1999,343038819
South America,,2000,348018055
South America,,2001,352811180
South America,,2002,357457816
South America,,2003,361970155
South America,,2004,366371498
South America,,2005,370695644
South America,,2006,374924673
South America,,2007,379034988
South America,,2008,383024319
South America,,2009,386903697
South America,,2010,390700449
South America,,2011,394477234
South America,,2012,398254669
South America,,2013,402021854
South America,,2014,405811741
South America,,2015,409619302
South America,,2016,413394350
South America,,2017,417044675
South America,,2018,420439723
South America,,2019,423547588
South America,,2020,426212835
South America,,2021,428330745
South America,,2022,430492132
South America,,2023,433023545
World,OWID_WRL,1700,595456896
World,OWID_WRL,1710,617975872
World,OWID_WRL,1720,648184768
World,OWID_WRL,1730,670899968
World,OWID_WRL,1740,702227776
World,OWID_WRL,1750,753279296
World,OWID_WRL,1760,788254976
World,OWID_WRL,1770,827951488
World,OWID_WRL,1780,900945152
World,OWID_WRL,1790,942261696
World,OWID_WRL,1800,954892352
World,OWID_WRL,1810,1028932352
World,OWID_WRL,1820,1065623616
World,OWID_WRL,1830,1148205440
World,OWID_WRL,1840,1209754496
World,OWID_WRL,1850,1287033856
World,OWID_WRL,1860,1346093952
World,OWID_WRL,1870,1346763136
World,OWID_WRL,1880,1427718912
World,OWID_WRL,1890,1548405760
World,OWID_WRL,1900,1670635648
World,OWID_WRL,1910,1800219392
World,OWID_WRL,1920,1927857152
World,OWID_WRL,1930,2106406144
World,OWID_WRL,1940,2328460032
World,OWID_WRL,1950,2493092801
World,OWID_WRL,1951,2536926981
World,OWID_WRL,1952,2584086282
World,OWID_WRL,1953,2634106196
World,OWID_WRL,1954,2685894824
World,OWID_WRL,1955,2740213742
World,OWID_WRL,1956,2795409946
World,OWID_WRL,1957,2852618291
World,OWID_WRL,1958,2911249598
World,OWID_WRL,1959,2965950296
World,OWID_WRL,1960,3015470858
World,OWID_WRL,1961,3064869609
World,OWID_WRL,1962,3123374259
World,OWID_WRL,1963,3192807773
World,OWID_WRL,1964,3264487295
World,OWID_WRL,1965,3334533671
World,OWID_WRL,1966,3404041061
World,OWID_WRL,1967,3473412825
World,OWID_WRL,1968,3545187204
World,OWID_WRL,1969,3619491543
World,OWID_WRL,1970,3694683753
World,OWID_WRL,1971,3769847803
World,OWID_WRL,1972,3844917635
World,OWID_WRL,1973,3920804971
World,OWID_WRL,1974,3996416050
World,OWID_WRL,1975,4070735208
World,OWID_WRL,1976,4144246343
World,OWID_WRL,1977,4217863768
World,OWID_WRL,1978,4292097452
World,OWID_WRL,1979,4368539442
World,OWID_WRL,1980,4447606162
World,OWID_WRL,1981,4528777252
World,OWID_WRL,1982,4612673388
World,OWID_WRL,1983,4697327540
World,OWID_WRL,1984,4782175455
World,OWID_WRL,1985,4868943409
World,OWID_WRL,1986,4958072773
World,OWID_WRL,1987,5049746328
World,OWID_WRL,1988,5141992501
World,OWID_WRL,1989,5234431681
World,OWID_WRL,1990,5327803039
World,OWID_WRL,1991,5418735854
World,OWID_WRL,1992,5505989763
World,OWID_WRL,1993,5591544754
World,OWID_WRL,1994,5675551219
World,OWID_WRL,1995,5758878939
World,OWID_WRL,1996,5842055673
World,OWID_WRL,1997,5924787768
World,OWID_WRL,1998,6007066661
World,OWID_WRL,1999,6089006306
World,OWID_WRL,2000,6171702952
World,OWID_WRL,2001,6254936409
World,OWID_WRL,2002,6337730260
World,OWID_WRL,2003,6420361599
World,OWID_WRL,2004,6503377733
World,OWID_WRL,2005,6586970109
World,OWID_WRL,2006,6671451961
World,OWID_WRL,2007,6757308732
World,OWID_WRL,2008,6844457620
World,OWID_WRL,2009,6932766373
World,OWID_WRL,2010,7021732097
World,OWID_WRL,2011,7110923706
World,OWID_WRL,2012,7201202442
World,OWID_WRL,2013,7291793521
World,OWID_WRL,2014,7381616193
World,OWID_WRL,2015,7470491849
World,OWID_WRL,2016,7558554482
World,OWID_WRL,2017,7645617937
World,OWID_WRL,2018,7729902735
World,OWID_WRL,2019,7811293646
World,OWID_WRL,2020,7887001253
World,OWID_WRL,2021,7954448327
World,OWID_WRL,2022,8021407128
World,OWID_WRL,2023,8091734853